id_kasus,kanal,kategori,nama_kategori,teks_skenario,label_risiko,level_kesulitan,has_link,has_short_url,has_suspicious_domain,asks_otp_pin_cvv,asks_password,asks_personal_data,has_reward_claim,has_loan_offer,has_urgency,asks_transfer_fee,uses_apk_attachment,outside_official_app,risk_score_rule,indikator_ideal,tindakan_benar,feedback_tutor,basis_sumber
CYB001,SMS,phishing_link,Link Phishing,Terdeteksi aktivitas tidak biasa pada akun JNE. Login ulang melalui tautan berikut: https://linktr.ee/ji0y6d,mencurigakan,sedang,1,1,0,0,1,0,0,0,0,0,0,0,33,link tidak resmi|domain mencurigakan|tekanan waktu|meminta login/data,Jangan klik link; buka aplikasi/situs resmi secara manual dan laporkan pesan.,"Kasus ini termasuk Link Phishing. Perhatikan indikator: link tidak resmi, domain mencurigakan, tekanan waktu. Jangan klik link; buka aplikasi/situs resmi secara manual dan laporkan pesan.","Kominfo/BSSN - kewaspadaan phishing, link tidak resmi, permintaan login/data"
CYB002,Email,phishing_link,Link Phishing,Update data nasabah BCA untuk menghindari pembatasan akun: https://s.id/sahxth,mencurigakan,sedang,1,1,0,0,0,1,0,0,0,0,0,0,30,link tidak resmi|domain mencurigakan|tekanan waktu|meminta login/data,Jangan klik link; buka aplikasi/situs resmi secara manual dan laporkan pesan.,"Kasus ini termasuk Link Phishing. Perhatikan indikator: link tidak resmi, domain mencurigakan, tekanan waktu. Jangan klik link; buka aplikasi/situs resmi secara manual dan laporkan pesan.","Kominfo/BSSN - kewaspadaan phishing, link tidak resmi, permintaan login/data"
CYB003,Marketplace Chat,phishing_link,Link Phishing,Update data nasabah BPJS untuk menghindari pembatasan akun: https://tokopedia-voucher.net/verifikasi,mencurigakan,sedang,1,0,1,0,0,1,1,0,0,0,0,0,48,link tidak resmi|domain mencurigakan|tekanan waktu|meminta login/data,Jangan klik link; buka aplikasi/situs resmi secara manual dan laporkan pesan.,"Kasus ini termasuk Link Phishing. Perhatikan indikator: link tidak resmi, domain mencurigakan, tekanan waktu. Jangan klik link; buka aplikasi/situs resmi secara manual dan laporkan pesan.","Kominfo/BSSN - kewaspadaan phishing, link tidak resmi, permintaan login/data"
CYB004,Browser/Website,phishing_link,Link Phishing,Akun OVO Anda terblokir sementara. Segera verifikasi data melalui https://s.id/8mdd4v sebelum 1x24 jam.,mencurigakan,sedang,1,1,0,0,0,1,0,0,1,0,0,0,38,link tidak resmi|domain mencurigakan|tekanan waktu|meminta login/data,Jangan klik link; buka aplikasi/situs resmi secara manual dan laporkan pesan.,"Kasus ini termasuk Link Phishing. Perhatikan indikator: link tidak resmi, domain mencurigakan, tekanan waktu. Jangan klik link; buka aplikasi/situs resmi secara manual dan laporkan pesan.","Kominfo/BSSN - kewaspadaan phishing, link tidak resmi, permintaan login/data"
CYB005,SMS,phishing_link,Link Phishing,Akun Shopee Anda terblokir sementara. Segera verifikasi data melalui https://cutt.ly/ckw5ng sebelum 1x24 jam.,mencurigakan,sedang,1,1,0,0,0,1,0,0,1,0,0,0,38,link tidak resmi|domain mencurigakan|tekanan waktu|meminta login/data,Jangan klik link; buka aplikasi/situs resmi secara manual dan laporkan pesan.,"Kasus ini termasuk Link Phishing. Perhatikan indikator: link tidak resmi, domain mencurigakan, tekanan waktu. Jangan klik link; buka aplikasi/situs resmi secara manual dan laporkan pesan.","Kominfo/BSSN - kewaspadaan phishing, link tidak resmi, permintaan login/data"
CYB006,Email,phishing_link,Link Phishing,Akun JNE Anda terblokir sementara. Segera verifikasi data melalui https://tinyurl.com/945nq4 sebelum 1x24 jam.,mencurigakan,sedang,1,1,0,0,0,1,0,0,1,0,0,0,38,link tidak resmi|domain mencurigakan|tekanan waktu|meminta login/data,Jangan klik link; buka aplikasi/situs resmi secara manual dan laporkan pesan.,"Kasus ini termasuk Link Phishing. Perhatikan indikator: link tidak resmi, domain mencurigakan, tekanan waktu. Jangan klik link; buka aplikasi/situs resmi secara manual dan laporkan pesan.","Kominfo/BSSN - kewaspadaan phishing, link tidak resmi, permintaan login/data"
CYB007,Marketplace Chat,phishing_link,Link Phishing,Terdeteksi aktivitas tidak biasa pada akun OVO. Login ulang melalui tautan berikut: https://tinyurl.com/zycwti,mencurigakan,sedang,1,1,0,0,1,0,0,0,0,0,0,0,33,link tidak resmi|domain mencurigakan|tekanan waktu|meminta login/data,Jangan klik link; buka aplikasi/situs resmi secara manual dan laporkan pesan.,"Kasus ini termasuk Link Phishing. Perhatikan indikator: link tidak resmi, domain mencurigakan, tekanan waktu. Jangan klik link; buka aplikasi/situs resmi secara manual dan laporkan pesan.","Kominfo/BSSN - kewaspadaan phishing, link tidak resmi, permintaan login/data"
CYB008,Email,phishing_link,Link Phishing,Update data nasabah DANA untuk menghindari pembatasan akun: https://briupdate.info/verifikasi,mencurigakan,sedang,1,0,1,0,0,1,0,0,0,0,0,0,38,link tidak resmi|domain mencurigakan|tekanan waktu|meminta login/data,Jangan klik link; buka aplikasi/situs resmi secara manual dan laporkan pesan.,"Kasus ini termasuk Link Phishing. Perhatikan indikator: link tidak resmi, domain mencurigakan, tekanan waktu. Jangan klik link; buka aplikasi/situs resmi secara manual dan laporkan pesan.","Kominfo/BSSN - kewaspadaan phishing, link tidak resmi, permintaan login/data"
CYB009,Email,phishing_link,Link Phishing,Akun Kominfo Anda terblokir sementara. Segera verifikasi data melalui https://dana-verifikasi-id.com/verifikasi sebelum 1x24 jam.,mencurigakan,sedang,1,0,1,0,0,1,0,0,1,0,0,0,46,link tidak resmi|domain mencurigakan|tekanan waktu|meminta login/data,Jangan klik link; buka aplikasi/situs resmi secara manual dan laporkan pesan.,"Kasus ini termasuk Link Phishing. Perhatikan indikator: link tidak resmi, domain mencurigakan, tekanan waktu. Jangan klik link; buka aplikasi/situs resmi secara manual dan laporkan pesan.","Kominfo/BSSN - kewaspadaan phishing, link tidak resmi, permintaan login/data"
CYB010,Marketplace Chat,phishing_link,Link Phishing,Update data nasabah GoPay untuk menghindari pembatasan akun: https://s.id/6uzhr5,mencurigakan,sedang,1,1,0,0,0,1,0,0,0,0,0,0,30,link tidak resmi|domain mencurigakan|tekanan waktu|meminta login/data,Jangan klik link; buka aplikasi/situs resmi secara manual dan laporkan pesan.,"Kasus ini termasuk Link Phishing. Perhatikan indikator: link tidak resmi, domain mencurigakan, tekanan waktu. Jangan klik link; buka aplikasi/situs resmi secara manual dan laporkan pesan.","Kominfo/BSSN - kewaspadaan phishing, link tidak resmi, permintaan login/data"
CYB011,Media Sosial,phishing_link,Link Phishing,Akun BNI Anda terblokir sementara. Segera verifikasi data melalui https://s.id/0t0pvn sebelum 1x24 jam.,mencurigakan,sedang,1,1,0,0,0,1,0,0,1,0,0,0,38,link tidak resmi|domain mencurigakan|tekanan waktu|meminta login/data,Jangan klik link; buka aplikasi/situs resmi secara manual dan laporkan pesan.,"Kasus ini termasuk Link Phishing. Perhatikan indikator: link tidak resmi, domain mencurigakan, tekanan waktu. Jangan klik link; buka aplikasi/situs resmi secara manual dan laporkan pesan.","Kominfo/BSSN - kewaspadaan phishing, link tidak resmi, permintaan login/data"
CYB012,Marketplace Chat,phishing_link,Link Phishing,Update data nasabah Shopee untuk menghindari pembatasan akun: https://bit.ly/4ffyvn,mencurigakan,sedang,1,1,0,0,0,1,0,0,0,0,0,0,30,link tidak resmi|domain mencurigakan|tekanan waktu|meminta login/data,Jangan klik link; buka aplikasi/situs resmi secara manual dan laporkan pesan.,"Kasus ini termasuk Link Phishing. Perhatikan indikator: link tidak resmi, domain mencurigakan, tekanan waktu. Jangan klik link; buka aplikasi/situs resmi secara manual dan laporkan pesan.","Kominfo/BSSN - kewaspadaan phishing, link tidak resmi, permintaan login/data"
CYB013,Email,phishing_link,Link Phishing,Update data nasabah Tokopedia untuk menghindari pembatasan akun: https://wa.me/4azytj,mencurigakan,sedang,1,1,0,0,0,1,0,0,0,0,0,0,30,link tidak resmi|domain mencurigakan|tekanan waktu|meminta login/data,Jangan klik link; buka aplikasi/situs resmi secara manual dan laporkan pesan.,"Kasus ini termasuk Link Phishing. Perhatikan indikator: link tidak resmi, domain mencurigakan, tekanan waktu. Jangan klik link; buka aplikasi/situs resmi secara manual dan laporkan pesan.","Kominfo/BSSN - kewaspadaan phishing, link tidak resmi, permintaan login/data"
CYB014,Browser/Website,phishing_link,Link Phishing,Akun BRI Anda terblokir sementara. Segera verifikasi data melalui https://s.id/q85jsg sebelum 1x24 jam.,mencurigakan,sedang,1,1,0,0,0,1,0,0,1,0,0,0,38,link tidak resmi|domain mencurigakan|tekanan waktu|meminta login/data,Jangan klik link; buka aplikasi/situs resmi secara manual dan laporkan pesan.,"Kasus ini termasuk Link Phishing. Perhatikan indikator: link tidak resmi, domain mencurigakan, tekanan waktu. Jangan klik link; buka aplikasi/situs resmi secara manual dan laporkan pesan.","Kominfo/BSSN - kewaspadaan phishing, link tidak resmi, permintaan login/data"
CYB015,Email,phishing_link,Link Phishing,Akun DANA Anda terblokir sementara. Segera verifikasi data melalui https://jne-resi-apk.com/verifikasi sebelum 1x24 jam.,berbahaya,mudah,1,0,1,0,0,1,0,0,1,0,1,0,71,link tidak resmi|domain mencurigakan|tekanan waktu|meminta login/data,Jangan klik link; buka aplikasi/situs resmi secara manual dan laporkan pesan.,"Kasus ini termasuk Link Phishing. Perhatikan indikator: link tidak resmi, domain mencurigakan, tekanan waktu. Jangan klik link; buka aplikasi/situs resmi secara manual dan laporkan pesan.","Kominfo/BSSN - kewaspadaan phishing, link tidak resmi, permintaan login/data"
CYB016,WhatsApp,phishing_link,Link Phishing,Terdeteksi aktivitas tidak biasa pada akun BPJS. Login ulang melalui tautan berikut: https://wa.me/7vren9,mencurigakan,sedang,1,1,0,0,1,0,0,0,0,0,0,0,33,link tidak resmi|domain mencurigakan|tekanan waktu|meminta login/data,Jangan klik link; buka aplikasi/situs resmi secara manual dan laporkan pesan.,"Kasus ini termasuk Link Phishing. Perhatikan indikator: link tidak resmi, domain mencurigakan, tekanan waktu. Jangan klik link; buka aplikasi/situs resmi secara manual dan laporkan pesan.","Kominfo/BSSN - kewaspadaan phishing, link tidak resmi, permintaan login/data"
CYB017,Browser/Website,otp_fraud,Penipuan OTP/PIN/CVV,Petugas BCA: kirim kode OTP/PIN yang baru masuk agar transaksi gagal bisa dibatalkan.,aman,sulit,0,0,0,1,0,0,0,0,0,0,0,0,25,meminta OTP|meminta PIN/CVV|mengaku petugas|transaksi mencurigakan,Jangan bagikan OTP/PIN/CVV; tutup percakapan dan hubungi call center resmi.,"Kasus ini termasuk Penipuan OTP/PIN/CVV. Perhatikan indikator: meminta OTP, meminta PIN/CVV, mengaku petugas. Jangan bagikan OTP/PIN/CVV; tutup percakapan dan hubungi call center resmi.","Kominfo - OTP, PIN, CVV tidak boleh dibagikan"
CYB018,Media Sosial,otp_fraud,Penipuan OTP/PIN/CVV,Ada transaksi mencurigakan. Sebutkan CVV/PIN untuk proses pemblokiran kartu.,aman,sulit,0,0,0,1,0,0,0,0,0,0,0,0,25,meminta OTP|meminta PIN/CVV|mengaku petugas|transaksi mencurigakan,Jangan bagikan OTP/PIN/CVV; tutup percakapan dan hubungi call center resmi.,"Kasus ini termasuk Penipuan OTP/PIN/CVV. Perhatikan indikator: meminta OTP, meminta PIN/CVV, mengaku petugas. Jangan bagikan OTP/PIN/CVV; tutup percakapan dan hubungi call center resmi.","Kominfo - OTP, PIN, CVV tidak boleh dibagikan"
CYB019,Email,otp_fraud,Penipuan OTP/PIN/CVV,Ada transaksi mencurigakan. Sebutkan CVV/PIN untuk proses pemblokiran kartu.,aman,sulit,0,0,0,1,0,0,0,0,0,0,0,0,25,meminta OTP|meminta PIN/CVV|mengaku petugas|transaksi mencurigakan,Jangan bagikan OTP/PIN/CVV; tutup percakapan dan hubungi call center resmi.,"Kasus ini termasuk Penipuan OTP/PIN/CVV. Perhatikan indikator: meminta OTP, meminta PIN/CVV, mengaku petugas. Jangan bagikan OTP/PIN/CVV; tutup percakapan dan hubungi call center resmi.","Kominfo - OTP, PIN, CVV tidak boleh dibagikan"
CYB020,Media Sosial,otp_fraud,Penipuan OTP/PIN/CVV,"Kami dari layanan GoPay. Untuk validasi hadiah, balas 6 digit OTP dan nomor kartu Anda.",mencurigakan,sedang,0,0,0,1,0,1,1,0,0,0,0,0,47,meminta OTP|meminta PIN/CVV|mengaku petugas|transaksi mencurigakan,Jangan bagikan OTP/PIN/CVV; tutup percakapan dan hubungi call center resmi.,"Kasus ini termasuk Penipuan OTP/PIN/CVV. Perhatikan indikator: meminta OTP, meminta PIN/CVV, mengaku petugas. Jangan bagikan OTP/PIN/CVV; tutup percakapan dan hubungi call center resmi.","Kominfo - OTP, PIN, CVV tidak boleh dibagikan"
CYB021,WhatsApp,otp_fraud,Penipuan OTP/PIN/CVV,Petugas Shopee: kirim kode OTP/PIN yang baru masuk agar transaksi gagal bisa dibatalkan.,aman,sulit,0,0,0,1,0,0,0,0,0,0,0,0,25,meminta OTP|meminta PIN/CVV|mengaku petugas|transaksi mencurigakan,Jangan bagikan OTP/PIN/CVV; tutup percakapan dan hubungi call center resmi.,"Kasus ini termasuk Penipuan OTP/PIN/CVV. Perhatikan indikator: meminta OTP, meminta PIN/CVV, mengaku petugas. Jangan bagikan OTP/PIN/CVV; tutup percakapan dan hubungi call center resmi.","Kominfo - OTP, PIN, CVV tidak boleh dibagikan"
CYB022,Media Sosial,otp_fraud,Penipuan OTP/PIN/CVV,Petugas BRI: kirim kode OTP/PIN yang baru masuk agar transaksi gagal bisa dibatalkan.,aman,sulit,0,0,0,1,0,0,0,0,0,0,0,0,25,meminta OTP|meminta PIN/CVV|mengaku petugas|transaksi mencurigakan,Jangan bagikan OTP/PIN/CVV; tutup percakapan dan hubungi call center resmi.,"Kasus ini termasuk Penipuan OTP/PIN/CVV. Perhatikan indikator: meminta OTP, meminta PIN/CVV, mengaku petugas. Jangan bagikan OTP/PIN/CVV; tutup percakapan dan hubungi call center resmi.","Kominfo - OTP, PIN, CVV tidak boleh dibagikan"
CYB023,WhatsApp,otp_fraud,Penipuan OTP/PIN/CVV,"Kami dari layanan Mandiri. Untuk validasi hadiah, balas 6 digit OTP dan nomor kartu Anda.",mencurigakan,sedang,0,0,0,1,0,1,1,0,0,0,0,0,47,meminta OTP|meminta PIN/CVV|mengaku petugas|transaksi mencurigakan,Jangan bagikan OTP/PIN/CVV; tutup percakapan dan hubungi call center resmi.,"Kasus ini termasuk Penipuan OTP/PIN/CVV. Perhatikan indikator: meminta OTP, meminta PIN/CVV, mengaku petugas. Jangan bagikan OTP/PIN/CVV; tutup percakapan dan hubungi call center resmi.","Kominfo - OTP, PIN, CVV tidak boleh dibagikan"
CYB024,Marketplace Chat,otp_fraud,Penipuan OTP/PIN/CVV,Petugas BRI: kirim kode OTP/PIN yang baru masuk agar transaksi gagal bisa dibatalkan.,aman,sulit,0,0,0,1,0,0,0,0,0,0,0,0,25,meminta OTP|meminta PIN/CVV|mengaku petugas|transaksi mencurigakan,Jangan bagikan OTP/PIN/CVV; tutup percakapan dan hubungi call center resmi.,"Kasus ini termasuk Penipuan OTP/PIN/CVV. Perhatikan indikator: meminta OTP, meminta PIN/CVV, mengaku petugas. Jangan bagikan OTP/PIN/CVV; tutup percakapan dan hubungi call center resmi.","Kominfo - OTP, PIN, CVV tidak boleh dibagikan"
CYB025,Marketplace Chat,otp_fraud,Penipuan OTP/PIN/CVV,Petugas PLN: kirim kode OTP/PIN yang baru masuk agar transaksi gagal bisa dibatalkan.,aman,sulit,0,0,0,1,0,0,0,0,0,0,0,0,25,meminta OTP|meminta PIN/CVV|mengaku petugas|transaksi mencurigakan,Jangan bagikan OTP/PIN/CVV; tutup percakapan dan hubungi call center resmi.,"Kasus ini termasuk Penipuan OTP/PIN/CVV. Perhatikan indikator: meminta OTP, meminta PIN/CVV, mengaku petugas. Jangan bagikan OTP/PIN/CVV; tutup percakapan dan hubungi call center resmi.","Kominfo - OTP, PIN, CVV tidak boleh dibagikan"
CYB026,Browser/Website,otp_fraud,Penipuan OTP/PIN/CVV,Petugas BPJS: kirim kode OTP/PIN yang baru masuk agar transaksi gagal bisa dibatalkan.,aman,sulit,0,0,0,1,0,0,0,0,0,0,0,0,25,meminta OTP|meminta PIN/CVV|mengaku petugas|transaksi mencurigakan,Jangan bagikan OTP/PIN/CVV; tutup percakapan dan hubungi call center resmi.,"Kasus ini termasuk Penipuan OTP/PIN/CVV. Perhatikan indikator: meminta OTP, meminta PIN/CVV, mengaku petugas. Jangan bagikan OTP/PIN/CVV; tutup percakapan dan hubungi call center resmi.","Kominfo - OTP, PIN, CVV tidak boleh dibagikan"
CYB027,Marketplace Chat,otp_fraud,Penipuan OTP/PIN/CVV,Petugas Tokopedia: kirim kode OTP/PIN yang baru masuk agar transaksi gagal bisa dibatalkan.,aman,sulit,0,0,0,1,0,0,0,0,0,0,0,0,25,meminta OTP|meminta PIN/CVV|mengaku petugas|transaksi mencurigakan,Jangan bagikan OTP/PIN/CVV; tutup percakapan dan hubungi call center resmi.,"Kasus ini termasuk Penipuan OTP/PIN/CVV. Perhatikan indikator: meminta OTP, meminta PIN/CVV, mengaku petugas. Jangan bagikan OTP/PIN/CVV; tutup percakapan dan hubungi call center resmi.","Kominfo - OTP, PIN, CVV tidak boleh dibagikan"
CYB028,Marketplace Chat,otp_fraud,Penipuan OTP/PIN/CVV,"Kami dari layanan Shopee. Untuk validasi hadiah, balas 6 digit OTP dan nomor kartu Anda.",mencurigakan,sedang,0,0,0,1,0,1,1,0,0,0,0,0,47,meminta OTP|meminta PIN/CVV|mengaku petugas|transaksi mencurigakan,Jangan bagikan OTP/PIN/CVV; tutup percakapan dan hubungi call center resmi.,"Kasus ini termasuk Penipuan OTP/PIN/CVV. Perhatikan indikator: meminta OTP, meminta PIN/CVV, mengaku petugas. Jangan bagikan OTP/PIN/CVV; tutup percakapan dan hubungi call center resmi.","Kominfo - OTP, PIN, CVV tidak boleh dibagikan"
CYB029,WhatsApp,otp_fraud,Penipuan OTP/PIN/CVV,Petugas PLN: kirim kode OTP/PIN yang baru masuk agar transaksi gagal bisa dibatalkan.,aman,sulit,0,0,0,1,0,0,0,0,0,0,0,0,25,meminta OTP|meminta PIN/CVV|mengaku petugas|transaksi mencurigakan,Jangan bagikan OTP/PIN/CVV; tutup percakapan dan hubungi call center resmi.,"Kasus ini termasuk Penipuan OTP/PIN/CVV. Perhatikan indikator: meminta OTP, meminta PIN/CVV, mengaku petugas. Jangan bagikan OTP/PIN/CVV; tutup percakapan dan hubungi call center resmi.","Kominfo - OTP, PIN, CVV tidak boleh dibagikan"
CYB030,WhatsApp,otp_fraud,Penipuan OTP/PIN/CVV,Ada transaksi mencurigakan. Sebutkan CVV/PIN untuk proses pemblokiran kartu.,aman,sulit,0,0,0,1,0,0,0,0,0,0,0,0,25,meminta OTP|meminta PIN/CVV|mengaku petugas|transaksi mencurigakan,Jangan bagikan OTP/PIN/CVV; tutup percakapan dan hubungi call center resmi.,"Kasus ini termasuk Penipuan OTP/PIN/CVV. Perhatikan indikator: meminta OTP, meminta PIN/CVV, mengaku petugas. Jangan bagikan OTP/PIN/CVV; tutup percakapan dan hubungi call center resmi.","Kominfo - OTP, PIN, CVV tidak boleh dibagikan"
CYB031,Media Sosial,otp_fraud,Penipuan OTP/PIN/CVV,Petugas BCA: kirim kode OTP/PIN yang baru masuk agar transaksi gagal bisa dibatalkan.,aman,sulit,0,0,0,1,0,0,0,0,0,0,0,0,25,meminta OTP|meminta PIN/CVV|mengaku petugas|transaksi mencurigakan,Jangan bagikan OTP/PIN/CVV; tutup percakapan dan hubungi call center resmi.,"Kasus ini termasuk Penipuan OTP/PIN/CVV. Perhatikan indikator: meminta OTP, meminta PIN/CVV, mengaku petugas. Jangan bagikan OTP/PIN/CVV; tutup percakapan dan hubungi call center resmi.","Kominfo - OTP, PIN, CVV tidak boleh dibagikan"
CYB032,Media Sosial,otp_fraud,Penipuan OTP/PIN/CVV,Petugas BRI: kirim kode OTP/PIN yang baru masuk agar transaksi gagal bisa dibatalkan.,aman,sulit,0,0,0,1,0,0,0,0,0,0,0,0,25,meminta OTP|meminta PIN/CVV|mengaku petugas|transaksi mencurigakan,Jangan bagikan OTP/PIN/CVV; tutup percakapan dan hubungi call center resmi.,"Kasus ini termasuk Penipuan OTP/PIN/CVV. Perhatikan indikator: meminta OTP, meminta PIN/CVV, mengaku petugas. Jangan bagikan OTP/PIN/CVV; tutup percakapan dan hubungi call center resmi.","Kominfo - OTP, PIN, CVV tidak boleh dibagikan"
CYB033,Browser/Website,pinjol_ilegal,Pinjol Ilegal,"Pinjaman cepat bunga ringan. Jika tidak bayar, kontak keluarga akan dihubungi otomatis.",mencurigakan,mudah,0,0,0,1,0,1,0,1,0,1,0,0,64,penawaran via SMS/WA|akses kontak/galeri|ancaman debt collector|tanpa cek legalitas,Jangan instal aplikasi; cek legalitas di OJK/Kontak 157 sebelum meminjam.,"Kasus ini termasuk Pinjol Ilegal. Perhatikan indikator: penawaran via SMS/WA, akses kontak/galeri, ancaman debt collector. Jangan instal aplikasi; cek legalitas di OJK/Kontak 157 sebelum meminjam.",OJK - waspada pinjol melalui SMS/WhatsApp dan cek legalitas OJK
CYB034,Browser/Website,pinjol_ilegal,Pinjol Ilegal,"Dana cair 5 menit tanpa BI checking. Klik https://shopee-promo11.com/claim, cukup KTP dan akses kontak untuk verifikasi.",mencurigakan,sedang,1,0,1,0,0,1,0,1,0,0,0,0,50,penawaran via SMS/WA|akses kontak/galeri|ancaman debt collector|tanpa cek legalitas,Jangan instal aplikasi; cek legalitas di OJK/Kontak 157 sebelum meminjam.,"Kasus ini termasuk Pinjol Ilegal. Perhatikan indikator: penawaran via SMS/WA, akses kontak/galeri, ancaman debt collector. Jangan instal aplikasi; cek legalitas di OJK/Kontak 157 sebelum meminjam.",OJK - waspada pinjol melalui SMS/WhatsApp dan cek legalitas OJK
CYB035,Media Sosial,pinjol_ilegal,Pinjol Ilegal,"Pinjaman cepat bunga ringan. Jika tidak bayar, kontak keluarga akan dihubungi otomatis.",mencurigakan,mudah,0,0,0,1,0,1,0,1,0,1,0,0,64,penawaran via SMS/WA|akses kontak/galeri|ancaman debt collector|tanpa cek legalitas,Jangan instal aplikasi; cek legalitas di OJK/Kontak 157 sebelum meminjam.,"Kasus ini termasuk Pinjol Ilegal. Perhatikan indikator: penawaran via SMS/WA, akses kontak/galeri, ancaman debt collector. Jangan instal aplikasi; cek legalitas di OJK/Kontak 157 sebelum meminjam.",OJK - waspada pinjol melalui SMS/WhatsApp dan cek legalitas OJK
CYB036,Email,pinjol_ilegal,Pinjol Ilegal,Limit pinjaman Rp10 juta sudah aktif. Instal aplikasi kami dan izinkan akses kontak/galeri.,mencurigakan,sedang,0,0,0,1,0,1,0,1,1,0,0,0,57,penawaran via SMS/WA|akses kontak/galeri|ancaman debt collector|tanpa cek legalitas,Jangan instal aplikasi; cek legalitas di OJK/Kontak 157 sebelum meminjam.,"Kasus ini termasuk Pinjol Ilegal. Perhatikan indikator: penawaran via SMS/WA, akses kontak/galeri, ancaman debt collector. Jangan instal aplikasi; cek legalitas di OJK/Kontak 157 sebelum meminjam.",OJK - waspada pinjol melalui SMS/WhatsApp dan cek legalitas OJK
CYB037,Email,pinjol_ilegal,Pinjol Ilegal,"Pinjaman cepat bunga ringan. Jika tidak bayar, kontak keluarga akan dihubungi otomatis.",mencurigakan,mudah,0,0,0,1,0,1,0,1,0,1,0,0,64,penawaran via SMS/WA|akses kontak/galeri|ancaman debt collector|tanpa cek legalitas,Jangan instal aplikasi; cek legalitas di OJK/Kontak 157 sebelum meminjam.,"Kasus ini termasuk Pinjol Ilegal. Perhatikan indikator: penawaran via SMS/WA, akses kontak/galeri, ancaman debt collector. Jangan instal aplikasi; cek legalitas di OJK/Kontak 157 sebelum meminjam.",OJK - waspada pinjol melalui SMS/WhatsApp dan cek legalitas OJK
CYB038,Browser/Website,pinjol_ilegal,Pinjol Ilegal,"Pinjaman cepat bunga ringan. Jika tidak bayar, kontak keluarga akan dihubungi otomatis.",mencurigakan,mudah,0,0,0,1,0,1,0,1,0,1,0,0,64,penawaran via SMS/WA|akses kontak/galeri|ancaman debt collector|tanpa cek legalitas,Jangan instal aplikasi; cek legalitas di OJK/Kontak 157 sebelum meminjam.,"Kasus ini termasuk Pinjol Ilegal. Perhatikan indikator: penawaran via SMS/WA, akses kontak/galeri, ancaman debt collector. Jangan instal aplikasi; cek legalitas di OJK/Kontak 157 sebelum meminjam.",OJK - waspada pinjol melalui SMS/WhatsApp dan cek legalitas OJK
CYB039,SMS,pinjol_ilegal,Pinjol Ilegal,"Dana cair 5 menit tanpa BI checking. Klik https://bca-helpdesk.net/claim, cukup KTP dan akses kontak untuk verifikasi.",mencurigakan,sedang,1,0,1,0,0,1,0,1,0,0,0,0,50,penawaran via SMS/WA|akses kontak/galeri|ancaman debt collector|tanpa cek legalitas,Jangan instal aplikasi; cek legalitas di OJK/Kontak 157 sebelum meminjam.,"Kasus ini termasuk Pinjol Ilegal. Perhatikan indikator: penawaran via SMS/WA, akses kontak/galeri, ancaman debt collector. Jangan instal aplikasi; cek legalitas di OJK/Kontak 157 sebelum meminjam.",OJK - waspada pinjol melalui SMS/WhatsApp dan cek legalitas OJK
CYB040,WhatsApp,pinjol_ilegal,Pinjol Ilegal,Limit pinjaman Rp10 juta sudah aktif. Instal aplikasi kami dan izinkan akses kontak/galeri.,mencurigakan,sedang,0,0,0,1,0,1,0,1,1,0,0,0,57,penawaran via SMS/WA|akses kontak/galeri|ancaman debt collector|tanpa cek legalitas,Jangan instal aplikasi; cek legalitas di OJK/Kontak 157 sebelum meminjam.,"Kasus ini termasuk Pinjol Ilegal. Perhatikan indikator: penawaran via SMS/WA, akses kontak/galeri, ancaman debt collector. Jangan instal aplikasi; cek legalitas di OJK/Kontak 157 sebelum meminjam.",OJK - waspada pinjol melalui SMS/WhatsApp dan cek legalitas OJK
CYB041,Email,pinjol_ilegal,Pinjol Ilegal,"Pinjaman cepat bunga ringan. Jika tidak bayar, kontak keluarga akan dihubungi otomatis.",mencurigakan,mudah,0,0,0,1,0,1,0,1,0,1,0,0,64,penawaran via SMS/WA|akses kontak/galeri|ancaman debt collector|tanpa cek legalitas,Jangan instal aplikasi; cek legalitas di OJK/Kontak 157 sebelum meminjam.,"Kasus ini termasuk Pinjol Ilegal. Perhatikan indikator: penawaran via SMS/WA, akses kontak/galeri, ancaman debt collector. Jangan instal aplikasi; cek legalitas di OJK/Kontak 157 sebelum meminjam.",OJK - waspada pinjol melalui SMS/WhatsApp dan cek legalitas OJK
CYB042,Browser/Website,pinjol_ilegal,Pinjol Ilegal,"Dana cair 5 menit tanpa BI checking. Klik https://s.id/wj0tpa, cukup KTP dan akses kontak untuk verifikasi.",mencurigakan,sedang,1,1,0,0,0,1,0,1,0,0,0,0,42,penawaran via SMS/WA|akses kontak/galeri|ancaman debt collector|tanpa cek legalitas,Jangan instal aplikasi; cek legalitas di OJK/Kontak 157 sebelum meminjam.,"Kasus ini termasuk Pinjol Ilegal. Perhatikan indikator: penawaran via SMS/WA, akses kontak/galeri, ancaman debt collector. Jangan instal aplikasi; cek legalitas di OJK/Kontak 157 sebelum meminjam.",OJK - waspada pinjol melalui SMS/WhatsApp dan cek legalitas OJK
CYB043,Email,pinjol_ilegal,Pinjol Ilegal,"Dana cair 5 menit tanpa BI checking. Klik https://bit.ly/4ufel6, cukup KTP dan akses kontak untuk verifikasi.",mencurigakan,sedang,1,1,0,0,0,1,0,1,0,0,0,0,42,penawaran via SMS/WA|akses kontak/galeri|ancaman debt collector|tanpa cek legalitas,Jangan instal aplikasi; cek legalitas di OJK/Kontak 157 sebelum meminjam.,"Kasus ini termasuk Pinjol Ilegal. Perhatikan indikator: penawaran via SMS/WA, akses kontak/galeri, ancaman debt collector. Jangan instal aplikasi; cek legalitas di OJK/Kontak 157 sebelum meminjam.",OJK - waspada pinjol melalui SMS/WhatsApp dan cek legalitas OJK
CYB044,Media Sosial,pinjol_ilegal,Pinjol Ilegal,"Pinjaman cepat bunga ringan. Jika tidak bayar, kontak keluarga akan dihubungi otomatis.",mencurigakan,mudah,0,0,0,1,0,1,0,1,0,1,0,0,64,penawaran via SMS/WA|akses kontak/galeri|ancaman debt collector|tanpa cek legalitas,Jangan instal aplikasi; cek legalitas di OJK/Kontak 157 sebelum meminjam.,"Kasus ini termasuk Pinjol Ilegal. Perhatikan indikator: penawaran via SMS/WA, akses kontak/galeri, ancaman debt collector. Jangan instal aplikasi; cek legalitas di OJK/Kontak 157 sebelum meminjam.",OJK - waspada pinjol melalui SMS/WhatsApp dan cek legalitas OJK
CYB045,WhatsApp,pinjol_ilegal,Pinjol Ilegal,"Dana cair 5 menit tanpa BI checking. Klik https://jne-resi-apk.com/verifikasi, cukup KTP dan akses kontak untuk verifikasi.",berbahaya,mudah,1,0,1,0,0,1,0,1,0,0,1,0,75,penawaran via SMS/WA|akses kontak/galeri|ancaman debt collector|tanpa cek legalitas,Jangan instal aplikasi; cek legalitas di OJK/Kontak 157 sebelum meminjam.,"Kasus ini termasuk Pinjol Ilegal. Perhatikan indikator: penawaran via SMS/WA, akses kontak/galeri, ancaman debt collector. Jangan instal aplikasi; cek legalitas di OJK/Kontak 157 sebelum meminjam.",OJK - waspada pinjol melalui SMS/WhatsApp dan cek legalitas OJK
CYB046,Browser/Website,pinjol_ilegal,Pinjol Ilegal,"Dana cair 5 menit tanpa BI checking. Klik https://pajak-online-id.org/login, cukup KTP dan akses kontak untuk verifikasi.",berbahaya,mudah,1,0,1,0,1,1,0,1,0,1,0,0,80,penawaran via SMS/WA|akses kontak/galeri|ancaman debt collector|tanpa cek legalitas,Jangan instal aplikasi; cek legalitas di OJK/Kontak 157 sebelum meminjam.,"Kasus ini termasuk Pinjol Ilegal. Perhatikan indikator: penawaran via SMS/WA, akses kontak/galeri, ancaman debt collector. Jangan instal aplikasi; cek legalitas di OJK/Kontak 157 sebelum meminjam.",OJK - waspada pinjol melalui SMS/WhatsApp dan cek legalitas OJK
CYB047,Marketplace Chat,pinjol_ilegal,Pinjol Ilegal,"Dana cair 5 menit tanpa BI checking. Klik https://cutt.ly/253j2d, cukup KTP dan akses kontak untuk verifikasi.",mencurigakan,sedang,1,1,0,0,0,1,0,1,0,0,0,0,42,penawaran via SMS/WA|akses kontak/galeri|ancaman debt collector|tanpa cek legalitas,Jangan instal aplikasi; cek legalitas di OJK/Kontak 157 sebelum meminjam.,"Kasus ini termasuk Pinjol Ilegal. Perhatikan indikator: penawaran via SMS/WA, akses kontak/galeri, ancaman debt collector. Jangan instal aplikasi; cek legalitas di OJK/Kontak 157 sebelum meminjam.",OJK - waspada pinjol melalui SMS/WhatsApp dan cek legalitas OJK
CYB048,SMS,pinjol_ilegal,Pinjol Ilegal,"Pinjaman cepat bunga ringan. Jika tidak bayar, kontak keluarga akan dihubungi otomatis.",mencurigakan,mudah,0,0,0,1,0,1,0,1,0,1,0,0,64,penawaran via SMS/WA|akses kontak/galeri|ancaman debt collector|tanpa cek legalitas,Jangan instal aplikasi; cek legalitas di OJK/Kontak 157 sebelum meminjam.,"Kasus ini termasuk Pinjol Ilegal. Perhatikan indikator: penawaran via SMS/WA, akses kontak/galeri, ancaman debt collector. Jangan instal aplikasi; cek legalitas di OJK/Kontak 157 sebelum meminjam.",OJK - waspada pinjol melalui SMS/WhatsApp dan cek legalitas OJK
CYB049,WhatsApp,marketplace_scam,Scam Marketplace,"Untuk klaim voucher marketplace, bayar biaya aktivasi Rp25.000 ke nomor ini.",aman,sulit,0,0,0,0,0,0,1,0,0,1,0,0,25,transaksi luar aplikasi|rekening pribadi|biaya aktivasi|file resi palsu,Tetap transaksi di aplikasi resmi dan jangan transfer ke rekening pribadi.,"Kasus ini termasuk Scam Marketplace. Perhatikan indikator: transaksi luar aplikasi, rekening pribadi, biaya aktivasi. Tetap transaksi di aplikasi resmi dan jangan transfer ke rekening pribadi.",Modus umum penipuan marketplace/transfer luar aplikasi
CYB050,Media Sosial,marketplace_scam,Scam Marketplace,Pembeli meminta transaksi di luar aplikasi agar bebas biaya admin. Transfer ke rekening pribadi ya.,mencurigakan,sedang,0,0,0,0,0,1,0,0,0,1,0,1,45,transaksi luar aplikasi|rekening pribadi|biaya aktivasi|file resi palsu,Tetap transaksi di aplikasi resmi dan jangan transfer ke rekening pribadi.,"Kasus ini termasuk Scam Marketplace. Perhatikan indikator: transaksi luar aplikasi, rekening pribadi, biaya aktivasi. Tetap transaksi di aplikasi resmi dan jangan transfer ke rekening pribadi.",Modus umum penipuan marketplace/transfer luar aplikasi
CYB051,SMS,marketplace_scam,Scam Marketplace,"Untuk klaim voucher marketplace, bayar biaya aktivasi Rp25.000 ke nomor ini.",aman,sulit,0,0,0,0,0,0,1,0,0,1,0,0,25,transaksi luar aplikasi|rekening pribadi|biaya aktivasi|file resi palsu,Tetap transaksi di aplikasi resmi dan jangan transfer ke rekening pribadi.,"Kasus ini termasuk Scam Marketplace. Perhatikan indikator: transaksi luar aplikasi, rekening pribadi, biaya aktivasi. Tetap transaksi di aplikasi resmi dan jangan transfer ke rekening pribadi.",Modus umum penipuan marketplace/transfer luar aplikasi
CYB052,Marketplace Chat,marketplace_scam,Scam Marketplace,"Untuk klaim voucher marketplace, bayar biaya aktivasi Rp25.000 ke nomor ini.",aman,sulit,0,0,0,0,0,0,1,0,0,1,0,0,25,transaksi luar aplikasi|rekening pribadi|biaya aktivasi|file resi palsu,Tetap transaksi di aplikasi resmi dan jangan transfer ke rekening pribadi.,"Kasus ini termasuk Scam Marketplace. Perhatikan indikator: transaksi luar aplikasi, rekening pribadi, biaya aktivasi. Tetap transaksi di aplikasi resmi dan jangan transfer ke rekening pribadi.",Modus umum penipuan marketplace/transfer luar aplikasi
CYB053,SMS,marketplace_scam,Scam Marketplace,Kurir: paket tertahan. Buka file resi.apk agar paket dikirim ulang.,mencurigakan,sedang,0,0,0,0,0,0,0,0,1,0,1,0,33,transaksi luar aplikasi|rekening pribadi|biaya aktivasi|file resi palsu,Tetap transaksi di aplikasi resmi dan jangan transfer ke rekening pribadi.,"Kasus ini termasuk Scam Marketplace. Perhatikan indikator: transaksi luar aplikasi, rekening pribadi, biaya aktivasi. Tetap transaksi di aplikasi resmi dan jangan transfer ke rekening pribadi.",Modus umum penipuan marketplace/transfer luar aplikasi
CYB054,Marketplace Chat,marketplace_scam,Scam Marketplace,Kurir: paket tertahan. Buka file resi.apk agar paket dikirim ulang.,mencurigakan,sedang,0,0,0,0,0,0,0,0,1,0,1,0,33,transaksi luar aplikasi|rekening pribadi|biaya aktivasi|file resi palsu,Tetap transaksi di aplikasi resmi dan jangan transfer ke rekening pribadi.,"Kasus ini termasuk Scam Marketplace. Perhatikan indikator: transaksi luar aplikasi, rekening pribadi, biaya aktivasi. Tetap transaksi di aplikasi resmi dan jangan transfer ke rekening pribadi.",Modus umum penipuan marketplace/transfer luar aplikasi
CYB055,Email,marketplace_scam,Scam Marketplace,Kurir: paket tertahan. Buka file resi.apk agar paket dikirim ulang.,mencurigakan,sedang,0,0,0,0,0,0,0,0,1,0,1,0,33,transaksi luar aplikasi|rekening pribadi|biaya aktivasi|file resi palsu,Tetap transaksi di aplikasi resmi dan jangan transfer ke rekening pribadi.,"Kasus ini termasuk Scam Marketplace. Perhatikan indikator: transaksi luar aplikasi, rekening pribadi, biaya aktivasi. Tetap transaksi di aplikasi resmi dan jangan transfer ke rekening pribadi.",Modus umum penipuan marketplace/transfer luar aplikasi
CYB056,WhatsApp,marketplace_scam,Scam Marketplace,Kurir: paket tertahan. Buka file resi.apk agar paket dikirim ulang.,mencurigakan,sedang,0,0,0,0,0,0,0,0,1,0,1,0,33,transaksi luar aplikasi|rekening pribadi|biaya aktivasi|file resi palsu,Tetap transaksi di aplikasi resmi dan jangan transfer ke rekening pribadi.,"Kasus ini termasuk Scam Marketplace. Perhatikan indikator: transaksi luar aplikasi, rekening pribadi, biaya aktivasi. Tetap transaksi di aplikasi resmi dan jangan transfer ke rekening pribadi.",Modus umum penipuan marketplace/transfer luar aplikasi
CYB057,Browser/Website,marketplace_scam,Scam Marketplace,Pembeli meminta transaksi di luar aplikasi agar bebas biaya admin. Transfer ke rekening pribadi ya.,mencurigakan,sedang,0,0,0,0,0,1,0,0,0,1,0,1,45,transaksi luar aplikasi|rekening pribadi|biaya aktivasi|file resi palsu,Tetap transaksi di aplikasi resmi dan jangan transfer ke rekening pribadi.,"Kasus ini termasuk Scam Marketplace. Perhatikan indikator: transaksi luar aplikasi, rekening pribadi, biaya aktivasi. Tetap transaksi di aplikasi resmi dan jangan transfer ke rekening pribadi.",Modus umum penipuan marketplace/transfer luar aplikasi
CYB058,Media Sosial,marketplace_scam,Scam Marketplace,Kurir: paket tertahan. Buka file resi.apk agar paket dikirim ulang.,mencurigakan,sedang,0,0,0,0,0,0,0,0,1,0,1,0,33,transaksi luar aplikasi|rekening pribadi|biaya aktivasi|file resi palsu,Tetap transaksi di aplikasi resmi dan jangan transfer ke rekening pribadi.,"Kasus ini termasuk Scam Marketplace. Perhatikan indikator: transaksi luar aplikasi, rekening pribadi, biaya aktivasi. Tetap transaksi di aplikasi resmi dan jangan transfer ke rekening pribadi.",Modus umum penipuan marketplace/transfer luar aplikasi
CYB059,WhatsApp,marketplace_scam,Scam Marketplace,"Untuk klaim voucher marketplace, bayar biaya aktivasi Rp25.000 ke nomor ini.",aman,sulit,0,0,0,0,0,0,1,0,0,1,0,0,25,transaksi luar aplikasi|rekening pribadi|biaya aktivasi|file resi palsu,Tetap transaksi di aplikasi resmi dan jangan transfer ke rekening pribadi.,"Kasus ini termasuk Scam Marketplace. Perhatikan indikator: transaksi luar aplikasi, rekening pribadi, biaya aktivasi. Tetap transaksi di aplikasi resmi dan jangan transfer ke rekening pribadi.",Modus umum penipuan marketplace/transfer luar aplikasi
CYB060,WhatsApp,marketplace_scam,Scam Marketplace,"Untuk klaim voucher marketplace, bayar biaya aktivasi Rp25.000 ke nomor ini.",aman,sulit,0,0,0,0,0,0,1,0,0,1,0,0,25,transaksi luar aplikasi|rekening pribadi|biaya aktivasi|file resi palsu,Tetap transaksi di aplikasi resmi dan jangan transfer ke rekening pribadi.,"Kasus ini termasuk Scam Marketplace. Perhatikan indikator: transaksi luar aplikasi, rekening pribadi, biaya aktivasi. Tetap transaksi di aplikasi resmi dan jangan transfer ke rekening pribadi.",Modus umum penipuan marketplace/transfer luar aplikasi
CYB061,Media Sosial,marketplace_scam,Scam Marketplace,Pembeli meminta transaksi di luar aplikasi agar bebas biaya admin. Transfer ke rekening pribadi ya.,mencurigakan,sedang,0,0,0,0,0,1,0,0,0,1,0,1,45,transaksi luar aplikasi|rekening pribadi|biaya aktivasi|file resi palsu,Tetap transaksi di aplikasi resmi dan jangan transfer ke rekening pribadi.,"Kasus ini termasuk Scam Marketplace. Perhatikan indikator: transaksi luar aplikasi, rekening pribadi, biaya aktivasi. Tetap transaksi di aplikasi resmi dan jangan transfer ke rekening pribadi.",Modus umum penipuan marketplace/transfer luar aplikasi
CYB062,Marketplace Chat,marketplace_scam,Scam Marketplace,Pembeli meminta transaksi di luar aplikasi agar bebas biaya admin. Transfer ke rekening pribadi ya.,mencurigakan,sedang,0,0,0,0,0,1,0,0,0,1,0,1,45,transaksi luar aplikasi|rekening pribadi|biaya aktivasi|file resi palsu,Tetap transaksi di aplikasi resmi dan jangan transfer ke rekening pribadi.,"Kasus ini termasuk Scam Marketplace. Perhatikan indikator: transaksi luar aplikasi, rekening pribadi, biaya aktivasi. Tetap transaksi di aplikasi resmi dan jangan transfer ke rekening pribadi.",Modus umum penipuan marketplace/transfer luar aplikasi
CYB063,Marketplace Chat,marketplace_scam,Scam Marketplace,Kurir: paket tertahan. Buka file resi.apk agar paket dikirim ulang.,mencurigakan,sedang,0,0,0,0,0,0,0,0,1,0,1,0,33,transaksi luar aplikasi|rekening pribadi|biaya aktivasi|file resi palsu,Tetap transaksi di aplikasi resmi dan jangan transfer ke rekening pribadi.,"Kasus ini termasuk Scam Marketplace. Perhatikan indikator: transaksi luar aplikasi, rekening pribadi, biaya aktivasi. Tetap transaksi di aplikasi resmi dan jangan transfer ke rekening pribadi.",Modus umum penipuan marketplace/transfer luar aplikasi
CYB064,Email,marketplace_scam,Scam Marketplace,Pembeli meminta transaksi di luar aplikasi agar bebas biaya admin. Transfer ke rekening pribadi ya.,mencurigakan,sedang,0,0,0,0,0,1,0,0,0,1,0,1,45,transaksi luar aplikasi|rekening pribadi|biaya aktivasi|file resi palsu,Tetap transaksi di aplikasi resmi dan jangan transfer ke rekening pribadi.,"Kasus ini termasuk Scam Marketplace. Perhatikan indikator: transaksi luar aplikasi, rekening pribadi, biaya aktivasi. Tetap transaksi di aplikasi resmi dan jangan transfer ke rekening pribadi.",Modus umum penipuan marketplace/transfer luar aplikasi
CYB065,Browser/Website,apk_malware,APK/Undangan Palsu,"Undangan pernikahan digital, mohon dibuka: undangan.apk",aman,sulit,0,0,0,0,0,0,0,0,0,0,1,0,25,file APK|lampiran tidak dikenal|mengaku kurir/undangan|risiko pencurian data,Jangan unduh/instal APK; hapus pesan dan cek paket/tagihan melalui kanal resmi.,"Kasus ini termasuk APK/Undangan Palsu. Perhatikan indikator: file APK, lampiran tidak dikenal, mengaku kurir/undangan. Jangan unduh/instal APK; hapus pesan dan cek paket/tagihan melalui kanal resmi.",Modus APK palsu/kurir/undangan yang sering dilaporkan di Indonesia
CYB066,SMS,apk_malware,APK/Undangan Palsu,Foto paket Anda ada di aplikasi berikut: resi-paket.apk,aman,sulit,0,0,0,0,0,0,0,0,0,0,1,0,25,file APK|lampiran tidak dikenal|mengaku kurir/undangan|risiko pencurian data,Jangan unduh/instal APK; hapus pesan dan cek paket/tagihan melalui kanal resmi.,"Kasus ini termasuk APK/Undangan Palsu. Perhatikan indikator: file APK, lampiran tidak dikenal, mengaku kurir/undangan. Jangan unduh/instal APK; hapus pesan dan cek paket/tagihan melalui kanal resmi.",Modus APK palsu/kurir/undangan yang sering dilaporkan di Indonesia
CYB067,SMS,apk_malware,APK/Undangan Palsu,"Tagihan PLN bulan ini, cek rincian pada file PLN.apk",aman,sulit,0,0,0,0,0,0,0,0,0,0,1,0,25,file APK|lampiran tidak dikenal|mengaku kurir/undangan|risiko pencurian data,Jangan unduh/instal APK; hapus pesan dan cek paket/tagihan melalui kanal resmi.,"Kasus ini termasuk APK/Undangan Palsu. Perhatikan indikator: file APK, lampiran tidak dikenal, mengaku kurir/undangan. Jangan unduh/instal APK; hapus pesan dan cek paket/tagihan melalui kanal resmi.",Modus APK palsu/kurir/undangan yang sering dilaporkan di Indonesia
CYB068,Marketplace Chat,apk_malware,APK/Undangan Palsu,"Undangan pernikahan digital, mohon dibuka: undangan.apk",aman,sulit,0,0,0,0,0,0,0,0,0,0,1,0,25,file APK|lampiran tidak dikenal|mengaku kurir/undangan|risiko pencurian data,Jangan unduh/instal APK; hapus pesan dan cek paket/tagihan melalui kanal resmi.,"Kasus ini termasuk APK/Undangan Palsu. Perhatikan indikator: file APK, lampiran tidak dikenal, mengaku kurir/undangan. Jangan unduh/instal APK; hapus pesan dan cek paket/tagihan melalui kanal resmi.",Modus APK palsu/kurir/undangan yang sering dilaporkan di Indonesia
CYB069,Media Sosial,apk_malware,APK/Undangan Palsu,"Undangan pernikahan digital, mohon dibuka: undangan.apk",aman,sulit,0,0,0,0,0,0,0,0,0,0,1,0,25,file APK|lampiran tidak dikenal|mengaku kurir/undangan|risiko pencurian data,Jangan unduh/instal APK; hapus pesan dan cek paket/tagihan melalui kanal resmi.,"Kasus ini termasuk APK/Undangan Palsu. Perhatikan indikator: file APK, lampiran tidak dikenal, mengaku kurir/undangan. Jangan unduh/instal APK; hapus pesan dan cek paket/tagihan melalui kanal resmi.",Modus APK palsu/kurir/undangan yang sering dilaporkan di Indonesia
CYB070,Marketplace Chat,apk_malware,APK/Undangan Palsu,"Tagihan PLN bulan ini, cek rincian pada file PLN.apk",aman,sulit,0,0,0,0,0,0,0,0,0,0,1,0,25,file APK|lampiran tidak dikenal|mengaku kurir/undangan|risiko pencurian data,Jangan unduh/instal APK; hapus pesan dan cek paket/tagihan melalui kanal resmi.,"Kasus ini termasuk APK/Undangan Palsu. Perhatikan indikator: file APK, lampiran tidak dikenal, mengaku kurir/undangan. Jangan unduh/instal APK; hapus pesan dan cek paket/tagihan melalui kanal resmi.",Modus APK palsu/kurir/undangan yang sering dilaporkan di Indonesia
CYB071,SMS,apk_malware,APK/Undangan Palsu,"Tagihan PLN bulan ini, cek rincian pada file PLN.apk",aman,sulit,0,0,0,0,0,0,0,0,0,0,1,0,25,file APK|lampiran tidak dikenal|mengaku kurir/undangan|risiko pencurian data,Jangan unduh/instal APK; hapus pesan dan cek paket/tagihan melalui kanal resmi.,"Kasus ini termasuk APK/Undangan Palsu. Perhatikan indikator: file APK, lampiran tidak dikenal, mengaku kurir/undangan. Jangan unduh/instal APK; hapus pesan dan cek paket/tagihan melalui kanal resmi.",Modus APK palsu/kurir/undangan yang sering dilaporkan di Indonesia
CYB072,Media Sosial,apk_malware,APK/Undangan Palsu,"Undangan pernikahan digital, mohon dibuka: undangan.apk",aman,sulit,0,0,0,0,0,0,0,0,0,0,1,0,25,file APK|lampiran tidak dikenal|mengaku kurir/undangan|risiko pencurian data,Jangan unduh/instal APK; hapus pesan dan cek paket/tagihan melalui kanal resmi.,"Kasus ini termasuk APK/Undangan Palsu. Perhatikan indikator: file APK, lampiran tidak dikenal, mengaku kurir/undangan. Jangan unduh/instal APK; hapus pesan dan cek paket/tagihan melalui kanal resmi.",Modus APK palsu/kurir/undangan yang sering dilaporkan di Indonesia
CYB073,Browser/Website,apk_malware,APK/Undangan Palsu,Foto paket Anda ada di aplikasi berikut: resi-paket.apk,aman,sulit,0,0,0,0,0,0,0,0,0,0,1,0,25,file APK|lampiran tidak dikenal|mengaku kurir/undangan|risiko pencurian data,Jangan unduh/instal APK; hapus pesan dan cek paket/tagihan melalui kanal resmi.,"Kasus ini termasuk APK/Undangan Palsu. Perhatikan indikator: file APK, lampiran tidak dikenal, mengaku kurir/undangan. Jangan unduh/instal APK; hapus pesan dan cek paket/tagihan melalui kanal resmi.",Modus APK palsu/kurir/undangan yang sering dilaporkan di Indonesia
CYB074,Browser/Website,apk_malware,APK/Undangan Palsu,"Tagihan PLN bulan ini, cek rincian pada file PLN.apk",aman,sulit,0,0,0,0,0,0,0,0,0,0,1,0,25,file APK|lampiran tidak dikenal|mengaku kurir/undangan|risiko pencurian data,Jangan unduh/instal APK; hapus pesan dan cek paket/tagihan melalui kanal resmi.,"Kasus ini termasuk APK/Undangan Palsu. Perhatikan indikator: file APK, lampiran tidak dikenal, mengaku kurir/undangan. Jangan unduh/instal APK; hapus pesan dan cek paket/tagihan melalui kanal resmi.",Modus APK palsu/kurir/undangan yang sering dilaporkan di Indonesia
CYB075,SMS,apk_malware,APK/Undangan Palsu,Foto paket Anda ada di aplikasi berikut: resi-paket.apk,aman,sulit,0,0,0,0,0,0,0,0,0,0,1,0,25,file APK|lampiran tidak dikenal|mengaku kurir/undangan|risiko pencurian data,Jangan unduh/instal APK; hapus pesan dan cek paket/tagihan melalui kanal resmi.,"Kasus ini termasuk APK/Undangan Palsu. Perhatikan indikator: file APK, lampiran tidak dikenal, mengaku kurir/undangan. Jangan unduh/instal APK; hapus pesan dan cek paket/tagihan melalui kanal resmi.",Modus APK palsu/kurir/undangan yang sering dilaporkan di Indonesia
CYB076,Browser/Website,apk_malware,APK/Undangan Palsu,"Tagihan PLN bulan ini, cek rincian pada file PLN.apk",aman,sulit,0,0,0,0,0,0,0,0,0,0,1,0,25,file APK|lampiran tidak dikenal|mengaku kurir/undangan|risiko pencurian data,Jangan unduh/instal APK; hapus pesan dan cek paket/tagihan melalui kanal resmi.,"Kasus ini termasuk APK/Undangan Palsu. Perhatikan indikator: file APK, lampiran tidak dikenal, mengaku kurir/undangan. Jangan unduh/instal APK; hapus pesan dan cek paket/tagihan melalui kanal resmi.",Modus APK palsu/kurir/undangan yang sering dilaporkan di Indonesia
CYB077,WhatsApp,apk_malware,APK/Undangan Palsu,"Tagihan PLN bulan ini, cek rincian pada file PLN.apk",aman,sulit,0,0,0,0,0,0,0,0,0,0,1,0,25,file APK|lampiran tidak dikenal|mengaku kurir/undangan|risiko pencurian data,Jangan unduh/instal APK; hapus pesan dan cek paket/tagihan melalui kanal resmi.,"Kasus ini termasuk APK/Undangan Palsu. Perhatikan indikator: file APK, lampiran tidak dikenal, mengaku kurir/undangan. Jangan unduh/instal APK; hapus pesan dan cek paket/tagihan melalui kanal resmi.",Modus APK palsu/kurir/undangan yang sering dilaporkan di Indonesia
CYB078,Email,apk_malware,APK/Undangan Palsu,"Tagihan PLN bulan ini, cek rincian pada file PLN.apk",aman,sulit,0,0,0,0,0,0,0,0,0,0,1,0,25,file APK|lampiran tidak dikenal|mengaku kurir/undangan|risiko pencurian data,Jangan unduh/instal APK; hapus pesan dan cek paket/tagihan melalui kanal resmi.,"Kasus ini termasuk APK/Undangan Palsu. Perhatikan indikator: file APK, lampiran tidak dikenal, mengaku kurir/undangan. Jangan unduh/instal APK; hapus pesan dan cek paket/tagihan melalui kanal resmi.",Modus APK palsu/kurir/undangan yang sering dilaporkan di Indonesia
CYB079,Email,apk_malware,APK/Undangan Palsu,"Tagihan PLN bulan ini, cek rincian pada file PLN.apk",aman,sulit,0,0,0,0,0,0,0,0,0,0,1,0,25,file APK|lampiran tidak dikenal|mengaku kurir/undangan|risiko pencurian data,Jangan unduh/instal APK; hapus pesan dan cek paket/tagihan melalui kanal resmi.,"Kasus ini termasuk APK/Undangan Palsu. Perhatikan indikator: file APK, lampiran tidak dikenal, mengaku kurir/undangan. Jangan unduh/instal APK; hapus pesan dan cek paket/tagihan melalui kanal resmi.",Modus APK palsu/kurir/undangan yang sering dilaporkan di Indonesia
CYB080,SMS,apk_malware,APK/Undangan Palsu,"Undangan pernikahan digital, mohon dibuka: undangan.apk",aman,sulit,0,0,0,0,0,0,0,0,0,0,1,0,25,file APK|lampiran tidak dikenal|mengaku kurir/undangan|risiko pencurian data,Jangan unduh/instal APK; hapus pesan dan cek paket/tagihan melalui kanal resmi.,"Kasus ini termasuk APK/Undangan Palsu. Perhatikan indikator: file APK, lampiran tidak dikenal, mengaku kurir/undangan. Jangan unduh/instal APK; hapus pesan dan cek paket/tagihan melalui kanal resmi.",Modus APK palsu/kurir/undangan yang sering dilaporkan di Indonesia
CYB081,Marketplace Chat,fake_giveaway,Hadiah/Giveaway Palsu,Anda terpilih sebagai pemenang undian. Kirim data KTP dan rekening untuk pencairan hadiah.,aman,sulit,0,0,0,0,0,1,1,0,0,0,0,0,22,hadiah tidak masuk akal|biaya/pajak hadiah|meminta data rekening/KTP|link klaim palsu,Abaikan; jangan bayar biaya klaim dan cek pengumuman di kanal resmi.,"Kasus ini termasuk Hadiah/Giveaway Palsu. Perhatikan indikator: hadiah tidak masuk akal, biaya/pajak hadiah, meminta data rekening/KTP. Abaikan; jangan bayar biaya klaim dan cek pengumuman di kanal resmi.",Modus hadiah palsu dan biaya/pajak klaim hadiah
CYB082,Email,fake_giveaway,Hadiah/Giveaway Palsu,Selamat nomor Anda memenangkan hadiah Rp25 juta dari JNE. Klaim sekarang di https://pajak-online-id.org/login,berbahaya,mudah,1,0,1,0,1,0,1,0,1,1,0,0,74,hadiah tidak masuk akal|biaya/pajak hadiah|meminta data rekening/KTP|link klaim palsu,Abaikan; jangan bayar biaya klaim dan cek pengumuman di kanal resmi.,"Kasus ini termasuk Hadiah/Giveaway Palsu. Perhatikan indikator: hadiah tidak masuk akal, biaya/pajak hadiah, meminta data rekening/KTP. Abaikan; jangan bayar biaya klaim dan cek pengumuman di kanal resmi.",Modus hadiah palsu dan biaya/pajak klaim hadiah
CYB083,Email,fake_giveaway,Hadiah/Giveaway Palsu,Giveaway resmi Mandiri! Bayar pajak hadiah dulu sebesar Rp150.000 agar dana dikirim.,aman,sulit,0,0,0,0,0,0,1,0,0,1,0,0,25,hadiah tidak masuk akal|biaya/pajak hadiah|meminta data rekening/KTP|link klaim palsu,Abaikan; jangan bayar biaya klaim dan cek pengumuman di kanal resmi.,"Kasus ini termasuk Hadiah/Giveaway Palsu. Perhatikan indikator: hadiah tidak masuk akal, biaya/pajak hadiah, meminta data rekening/KTP. Abaikan; jangan bayar biaya klaim dan cek pengumuman di kanal resmi.",Modus hadiah palsu dan biaya/pajak klaim hadiah
CYB084,WhatsApp,fake_giveaway,Hadiah/Giveaway Palsu,Selamat nomor Anda memenangkan hadiah Rp25 juta dari PLN. Klaim sekarang di https://tinyurl.com/jeget1,mencurigakan,sedang,1,1,0,0,0,0,1,0,1,0,0,0,36,hadiah tidak masuk akal|biaya/pajak hadiah|meminta data rekening/KTP|link klaim palsu,Abaikan; jangan bayar biaya klaim dan cek pengumuman di kanal resmi.,"Kasus ini termasuk Hadiah/Giveaway Palsu. Perhatikan indikator: hadiah tidak masuk akal, biaya/pajak hadiah, meminta data rekening/KTP. Abaikan; jangan bayar biaya klaim dan cek pengumuman di kanal resmi.",Modus hadiah palsu dan biaya/pajak klaim hadiah
CYB085,WhatsApp,fake_giveaway,Hadiah/Giveaway Palsu,Selamat nomor Anda memenangkan hadiah Rp25 juta dari Mandiri. Klaim sekarang di https://shopee-promo11.com/claim,mencurigakan,sedang,1,0,1,0,0,0,1,0,1,0,0,0,44,hadiah tidak masuk akal|biaya/pajak hadiah|meminta data rekening/KTP|link klaim palsu,Abaikan; jangan bayar biaya klaim dan cek pengumuman di kanal resmi.,"Kasus ini termasuk Hadiah/Giveaway Palsu. Perhatikan indikator: hadiah tidak masuk akal, biaya/pajak hadiah, meminta data rekening/KTP. Abaikan; jangan bayar biaya klaim dan cek pengumuman di kanal resmi.",Modus hadiah palsu dan biaya/pajak klaim hadiah
CYB086,Browser/Website,fake_giveaway,Hadiah/Giveaway Palsu,Selamat nomor Anda memenangkan hadiah Rp25 juta dari DANA. Klaim sekarang di https://s.id/kzebbk,mencurigakan,sedang,1,1,0,0,0,0,1,0,1,0,0,0,36,hadiah tidak masuk akal|biaya/pajak hadiah|meminta data rekening/KTP|link klaim palsu,Abaikan; jangan bayar biaya klaim dan cek pengumuman di kanal resmi.,"Kasus ini termasuk Hadiah/Giveaway Palsu. Perhatikan indikator: hadiah tidak masuk akal, biaya/pajak hadiah, meminta data rekening/KTP. Abaikan; jangan bayar biaya klaim dan cek pengumuman di kanal resmi.",Modus hadiah palsu dan biaya/pajak klaim hadiah
CYB087,Email,fake_giveaway,Hadiah/Giveaway Palsu,Anda terpilih sebagai pemenang undian. Kirim data KTP dan rekening untuk pencairan hadiah.,aman,sulit,0,0,0,0,0,1,1,0,0,0,0,0,22,hadiah tidak masuk akal|biaya/pajak hadiah|meminta data rekening/KTP|link klaim palsu,Abaikan; jangan bayar biaya klaim dan cek pengumuman di kanal resmi.,"Kasus ini termasuk Hadiah/Giveaway Palsu. Perhatikan indikator: hadiah tidak masuk akal, biaya/pajak hadiah, meminta data rekening/KTP. Abaikan; jangan bayar biaya klaim dan cek pengumuman di kanal resmi.",Modus hadiah palsu dan biaya/pajak klaim hadiah
CYB088,Media Sosial,fake_giveaway,Hadiah/Giveaway Palsu,Selamat nomor Anda memenangkan hadiah Rp25 juta dari Shopee. Klaim sekarang di https://tinyurl.com/gb7r3o,mencurigakan,sedang,1,1,0,0,0,0,1,0,1,0,0,0,36,hadiah tidak masuk akal|biaya/pajak hadiah|meminta data rekening/KTP|link klaim palsu,Abaikan; jangan bayar biaya klaim dan cek pengumuman di kanal resmi.,"Kasus ini termasuk Hadiah/Giveaway Palsu. Perhatikan indikator: hadiah tidak masuk akal, biaya/pajak hadiah, meminta data rekening/KTP. Abaikan; jangan bayar biaya klaim dan cek pengumuman di kanal resmi.",Modus hadiah palsu dan biaya/pajak klaim hadiah
CYB089,Email,fake_giveaway,Hadiah/Giveaway Palsu,Anda terpilih sebagai pemenang undian. Kirim data KTP dan rekening untuk pencairan hadiah.,aman,sulit,0,0,0,0,0,1,1,0,0,0,0,0,22,hadiah tidak masuk akal|biaya/pajak hadiah|meminta data rekening/KTP|link klaim palsu,Abaikan; jangan bayar biaya klaim dan cek pengumuman di kanal resmi.,"Kasus ini termasuk Hadiah/Giveaway Palsu. Perhatikan indikator: hadiah tidak masuk akal, biaya/pajak hadiah, meminta data rekening/KTP. Abaikan; jangan bayar biaya klaim dan cek pengumuman di kanal resmi.",Modus hadiah palsu dan biaya/pajak klaim hadiah
CYB090,Media Sosial,fake_giveaway,Hadiah/Giveaway Palsu,Anda terpilih sebagai pemenang undian. Kirim data KTP dan rekening untuk pencairan hadiah.,aman,sulit,0,0,0,0,0,1,1,0,0,0,0,0,22,hadiah tidak masuk akal|biaya/pajak hadiah|meminta data rekening/KTP|link klaim palsu,Abaikan; jangan bayar biaya klaim dan cek pengumuman di kanal resmi.,"Kasus ini termasuk Hadiah/Giveaway Palsu. Perhatikan indikator: hadiah tidak masuk akal, biaya/pajak hadiah, meminta data rekening/KTP. Abaikan; jangan bayar biaya klaim dan cek pengumuman di kanal resmi.",Modus hadiah palsu dan biaya/pajak klaim hadiah
CYB091,Marketplace Chat,fake_giveaway,Hadiah/Giveaway Palsu,Giveaway resmi BPJS! Bayar pajak hadiah dulu sebesar Rp150.000 agar dana dikirim.,aman,sulit,0,0,0,0,0,0,1,0,0,1,0,0,25,hadiah tidak masuk akal|biaya/pajak hadiah|meminta data rekening/KTP|link klaim palsu,Abaikan; jangan bayar biaya klaim dan cek pengumuman di kanal resmi.,"Kasus ini termasuk Hadiah/Giveaway Palsu. Perhatikan indikator: hadiah tidak masuk akal, biaya/pajak hadiah, meminta data rekening/KTP. Abaikan; jangan bayar biaya klaim dan cek pengumuman di kanal resmi.",Modus hadiah palsu dan biaya/pajak klaim hadiah
CYB092,Media Sosial,fake_giveaway,Hadiah/Giveaway Palsu,Anda terpilih sebagai pemenang undian. Kirim data KTP dan rekening untuk pencairan hadiah.,aman,sulit,0,0,0,0,0,1,1,0,0,0,0,0,22,hadiah tidak masuk akal|biaya/pajak hadiah|meminta data rekening/KTP|link klaim palsu,Abaikan; jangan bayar biaya klaim dan cek pengumuman di kanal resmi.,"Kasus ini termasuk Hadiah/Giveaway Palsu. Perhatikan indikator: hadiah tidak masuk akal, biaya/pajak hadiah, meminta data rekening/KTP. Abaikan; jangan bayar biaya klaim dan cek pengumuman di kanal resmi.",Modus hadiah palsu dan biaya/pajak klaim hadiah
CYB093,Browser/Website,fake_giveaway,Hadiah/Giveaway Palsu,Selamat nomor Anda memenangkan hadiah Rp25 juta dari BCA. Klaim sekarang di https://briupdate.info/login,mencurigakan,sedang,1,0,1,0,1,0,1,0,1,0,0,0,59,hadiah tidak masuk akal|biaya/pajak hadiah|meminta data rekening/KTP|link klaim palsu,Abaikan; jangan bayar biaya klaim dan cek pengumuman di kanal resmi.,"Kasus ini termasuk Hadiah/Giveaway Palsu. Perhatikan indikator: hadiah tidak masuk akal, biaya/pajak hadiah, meminta data rekening/KTP. Abaikan; jangan bayar biaya klaim dan cek pengumuman di kanal resmi.",Modus hadiah palsu dan biaya/pajak klaim hadiah
CYB094,SMS,fake_giveaway,Hadiah/Giveaway Palsu,Giveaway resmi Mandiri! Bayar pajak hadiah dulu sebesar Rp150.000 agar dana dikirim.,aman,sulit,0,0,0,0,0,0,1,0,0,1,0,0,25,hadiah tidak masuk akal|biaya/pajak hadiah|meminta data rekening/KTP|link klaim palsu,Abaikan; jangan bayar biaya klaim dan cek pengumuman di kanal resmi.,"Kasus ini termasuk Hadiah/Giveaway Palsu. Perhatikan indikator: hadiah tidak masuk akal, biaya/pajak hadiah, meminta data rekening/KTP. Abaikan; jangan bayar biaya klaim dan cek pengumuman di kanal resmi.",Modus hadiah palsu dan biaya/pajak klaim hadiah
CYB095,WhatsApp,fake_giveaway,Hadiah/Giveaway Palsu,Anda terpilih sebagai pemenang undian. Kirim data KTP dan rekening untuk pencairan hadiah.,aman,sulit,0,0,0,0,0,1,1,0,0,0,0,0,22,hadiah tidak masuk akal|biaya/pajak hadiah|meminta data rekening/KTP|link klaim palsu,Abaikan; jangan bayar biaya klaim dan cek pengumuman di kanal resmi.,"Kasus ini termasuk Hadiah/Giveaway Palsu. Perhatikan indikator: hadiah tidak masuk akal, biaya/pajak hadiah, meminta data rekening/KTP. Abaikan; jangan bayar biaya klaim dan cek pengumuman di kanal resmi.",Modus hadiah palsu dan biaya/pajak klaim hadiah
CYB096,Media Sosial,fake_giveaway,Hadiah/Giveaway Palsu,Anda terpilih sebagai pemenang undian. Kirim data KTP dan rekening untuk pencairan hadiah.,aman,sulit,0,0,0,0,0,1,1,0,0,0,0,0,22,hadiah tidak masuk akal|biaya/pajak hadiah|meminta data rekening/KTP|link klaim palsu,Abaikan; jangan bayar biaya klaim dan cek pengumuman di kanal resmi.,"Kasus ini termasuk Hadiah/Giveaway Palsu. Perhatikan indikator: hadiah tidak masuk akal, biaya/pajak hadiah, meminta data rekening/KTP. Abaikan; jangan bayar biaya klaim dan cek pengumuman di kanal resmi.",Modus hadiah palsu dan biaya/pajak klaim hadiah
CYB097,SMS,job_scam,Lowongan Kerja Palsu,Rekrutmen Pajak.go.id via WhatsApp pribadi. Isi data KTP dan rekening di https://bit.ly/qkojtp.,mencurigakan,mudah,1,1,0,0,0,1,0,0,0,1,0,1,63,biaya training/seragam|gaji tidak wajar|rekrutmen WA pribadi|meminta data sensitif,Jangan bayar biaya rekrutmen; cek lowongan dari situs/akun resmi perusahaan.,"Kasus ini termasuk Lowongan Kerja Palsu. Perhatikan indikator: biaya training/seragam, gaji tidak wajar, rekrutmen WA pribadi. Jangan bayar biaya rekrutmen; cek lowongan dari situs/akun resmi perusahaan.",Modus lowongan kerja palsu dengan biaya administrasi/training
CYB098,Browser/Website,job_scam,Lowongan Kerja Palsu,Lowongan kerja admin online gaji Rp8 juta tanpa interview. Bayar biaya seragam Rp100.000.,aman,sulit,0,0,0,0,0,0,0,0,0,1,0,0,15,biaya training/seragam|gaji tidak wajar|rekrutmen WA pribadi|meminta data sensitif,Jangan bayar biaya rekrutmen; cek lowongan dari situs/akun resmi perusahaan.,"Kasus ini termasuk Lowongan Kerja Palsu. Perhatikan indikator: biaya training/seragam, gaji tidak wajar, rekrutmen WA pribadi. Jangan bayar biaya rekrutmen; cek lowongan dari situs/akun resmi perusahaan.",Modus lowongan kerja palsu dengan biaya administrasi/training
CYB099,Browser/Website,job_scam,Lowongan Kerja Palsu,Anda diterima kerja remote. Transfer biaya training agar akun kerja diaktifkan.,aman,sulit,0,0,0,0,0,0,0,0,1,1,0,0,23,biaya training/seragam|gaji tidak wajar|rekrutmen WA pribadi|meminta data sensitif,Jangan bayar biaya rekrutmen; cek lowongan dari situs/akun resmi perusahaan.,"Kasus ini termasuk Lowongan Kerja Palsu. Perhatikan indikator: biaya training/seragam, gaji tidak wajar, rekrutmen WA pribadi. Jangan bayar biaya rekrutmen; cek lowongan dari situs/akun resmi perusahaan.",Modus lowongan kerja palsu dengan biaya administrasi/training
CYB100,Email,job_scam,Lowongan Kerja Palsu,Anda diterima kerja remote. Transfer biaya training agar akun kerja diaktifkan.,aman,sulit,0,0,0,0,0,0,0,0,1,1,0,0,23,biaya training/seragam|gaji tidak wajar|rekrutmen WA pribadi|meminta data sensitif,Jangan bayar biaya rekrutmen; cek lowongan dari situs/akun resmi perusahaan.,"Kasus ini termasuk Lowongan Kerja Palsu. Perhatikan indikator: biaya training/seragam, gaji tidak wajar, rekrutmen WA pribadi. Jangan bayar biaya rekrutmen; cek lowongan dari situs/akun resmi perusahaan.",Modus lowongan kerja palsu dengan biaya administrasi/training
CYB101,SMS,job_scam,Lowongan Kerja Palsu,Anda diterima kerja remote. Transfer biaya training agar akun kerja diaktifkan.,aman,sulit,0,0,0,0,0,0,0,0,1,1,0,0,23,biaya training/seragam|gaji tidak wajar|rekrutmen WA pribadi|meminta data sensitif,Jangan bayar biaya rekrutmen; cek lowongan dari situs/akun resmi perusahaan.,"Kasus ini termasuk Lowongan Kerja Palsu. Perhatikan indikator: biaya training/seragam, gaji tidak wajar, rekrutmen WA pribadi. Jangan bayar biaya rekrutmen; cek lowongan dari situs/akun resmi perusahaan.",Modus lowongan kerja palsu dengan biaya administrasi/training
CYB102,SMS,job_scam,Lowongan Kerja Palsu,Anda diterima kerja remote. Transfer biaya training agar akun kerja diaktifkan.,aman,sulit,0,0,0,0,0,0,0,0,1,1,0,0,23,biaya training/seragam|gaji tidak wajar|rekrutmen WA pribadi|meminta data sensitif,Jangan bayar biaya rekrutmen; cek lowongan dari situs/akun resmi perusahaan.,"Kasus ini termasuk Lowongan Kerja Palsu. Perhatikan indikator: biaya training/seragam, gaji tidak wajar, rekrutmen WA pribadi. Jangan bayar biaya rekrutmen; cek lowongan dari situs/akun resmi perusahaan.",Modus lowongan kerja palsu dengan biaya administrasi/training
CYB103,Browser/Website,job_scam,Lowongan Kerja Palsu,Anda diterima kerja remote. Transfer biaya training agar akun kerja diaktifkan.,aman,sulit,0,0,0,0,0,0,0,0,1,1,0,0,23,biaya training/seragam|gaji tidak wajar|rekrutmen WA pribadi|meminta data sensitif,Jangan bayar biaya rekrutmen; cek lowongan dari situs/akun resmi perusahaan.,"Kasus ini termasuk Lowongan Kerja Palsu. Perhatikan indikator: biaya training/seragam, gaji tidak wajar, rekrutmen WA pribadi. Jangan bayar biaya rekrutmen; cek lowongan dari situs/akun resmi perusahaan.",Modus lowongan kerja palsu dengan biaya administrasi/training
CYB104,Marketplace Chat,job_scam,Lowongan Kerja Palsu,Lowongan kerja admin online gaji Rp8 juta tanpa interview. Bayar biaya seragam Rp100.000.,aman,sulit,0,0,0,0,0,0,0,0,0,1,0,0,15,biaya training/seragam|gaji tidak wajar|rekrutmen WA pribadi|meminta data sensitif,Jangan bayar biaya rekrutmen; cek lowongan dari situs/akun resmi perusahaan.,"Kasus ini termasuk Lowongan Kerja Palsu. Perhatikan indikator: biaya training/seragam, gaji tidak wajar, rekrutmen WA pribadi. Jangan bayar biaya rekrutmen; cek lowongan dari situs/akun resmi perusahaan.",Modus lowongan kerja palsu dengan biaya administrasi/training
CYB105,Email,job_scam,Lowongan Kerja Palsu,Rekrutmen BRI via WhatsApp pribadi. Isi data KTP dan rekening di https://bca-helpdesk.net/update.,mencurigakan,sedang,1,0,1,0,0,1,0,0,0,0,0,1,56,biaya training/seragam|gaji tidak wajar|rekrutmen WA pribadi|meminta data sensitif,Jangan bayar biaya rekrutmen; cek lowongan dari situs/akun resmi perusahaan.,"Kasus ini termasuk Lowongan Kerja Palsu. Perhatikan indikator: biaya training/seragam, gaji tidak wajar, rekrutmen WA pribadi. Jangan bayar biaya rekrutmen; cek lowongan dari situs/akun resmi perusahaan.",Modus lowongan kerja palsu dengan biaya administrasi/training
CYB106,WhatsApp,job_scam,Lowongan Kerja Palsu,Anda diterima kerja remote. Transfer biaya training agar akun kerja diaktifkan.,aman,sulit,0,0,0,0,0,0,0,0,1,1,0,0,23,biaya training/seragam|gaji tidak wajar|rekrutmen WA pribadi|meminta data sensitif,Jangan bayar biaya rekrutmen; cek lowongan dari situs/akun resmi perusahaan.,"Kasus ini termasuk Lowongan Kerja Palsu. Perhatikan indikator: biaya training/seragam, gaji tidak wajar, rekrutmen WA pribadi. Jangan bayar biaya rekrutmen; cek lowongan dari situs/akun resmi perusahaan.",Modus lowongan kerja palsu dengan biaya administrasi/training
CYB107,Media Sosial,job_scam,Lowongan Kerja Palsu,Rekrutmen Shopee via WhatsApp pribadi. Isi data KTP dan rekening di https://pajak-online-id.org/verifikasi.,berbahaya,mudah,1,0,1,0,0,1,0,0,0,1,0,1,71,biaya training/seragam|gaji tidak wajar|rekrutmen WA pribadi|meminta data sensitif,Jangan bayar biaya rekrutmen; cek lowongan dari situs/akun resmi perusahaan.,"Kasus ini termasuk Lowongan Kerja Palsu. Perhatikan indikator: biaya training/seragam, gaji tidak wajar, rekrutmen WA pribadi. Jangan bayar biaya rekrutmen; cek lowongan dari situs/akun resmi perusahaan.",Modus lowongan kerja palsu dengan biaya administrasi/training
CYB108,Marketplace Chat,job_scam,Lowongan Kerja Palsu,Anda diterima kerja remote. Transfer biaya training agar akun kerja diaktifkan.,aman,sulit,0,0,0,0,0,0,0,0,1,1,0,0,23,biaya training/seragam|gaji tidak wajar|rekrutmen WA pribadi|meminta data sensitif,Jangan bayar biaya rekrutmen; cek lowongan dari situs/akun resmi perusahaan.,"Kasus ini termasuk Lowongan Kerja Palsu. Perhatikan indikator: biaya training/seragam, gaji tidak wajar, rekrutmen WA pribadi. Jangan bayar biaya rekrutmen; cek lowongan dari situs/akun resmi perusahaan.",Modus lowongan kerja palsu dengan biaya administrasi/training
CYB109,Email,job_scam,Lowongan Kerja Palsu,Lowongan kerja admin online gaji Rp8 juta tanpa interview. Bayar biaya seragam Rp100.000.,aman,sulit,0,0,0,0,0,0,0,0,0,1,0,0,15,biaya training/seragam|gaji tidak wajar|rekrutmen WA pribadi|meminta data sensitif,Jangan bayar biaya rekrutmen; cek lowongan dari situs/akun resmi perusahaan.,"Kasus ini termasuk Lowongan Kerja Palsu. Perhatikan indikator: biaya training/seragam, gaji tidak wajar, rekrutmen WA pribadi. Jangan bayar biaya rekrutmen; cek lowongan dari situs/akun resmi perusahaan.",Modus lowongan kerja palsu dengan biaya administrasi/training
CYB110,Marketplace Chat,job_scam,Lowongan Kerja Palsu,Rekrutmen PLN via WhatsApp pribadi. Isi data KTP dan rekening di https://wa.me/ux5qrl.,mencurigakan,sedang,1,1,0,0,0,1,0,0,0,0,0,1,48,biaya training/seragam|gaji tidak wajar|rekrutmen WA pribadi|meminta data sensitif,Jangan bayar biaya rekrutmen; cek lowongan dari situs/akun resmi perusahaan.,"Kasus ini termasuk Lowongan Kerja Palsu. Perhatikan indikator: biaya training/seragam, gaji tidak wajar, rekrutmen WA pribadi. Jangan bayar biaya rekrutmen; cek lowongan dari situs/akun resmi perusahaan.",Modus lowongan kerja palsu dengan biaya administrasi/training
CYB111,WhatsApp,job_scam,Lowongan Kerja Palsu,Rekrutmen Shopee via WhatsApp pribadi. Isi data KTP dan rekening di https://tokopedia-voucher.net/verifikasi.,berbahaya,mudah,1,0,1,0,0,1,1,0,0,0,0,1,66,biaya training/seragam|gaji tidak wajar|rekrutmen WA pribadi|meminta data sensitif,Jangan bayar biaya rekrutmen; cek lowongan dari situs/akun resmi perusahaan.,"Kasus ini termasuk Lowongan Kerja Palsu. Perhatikan indikator: biaya training/seragam, gaji tidak wajar, rekrutmen WA pribadi. Jangan bayar biaya rekrutmen; cek lowongan dari situs/akun resmi perusahaan.",Modus lowongan kerja palsu dengan biaya administrasi/training
CYB112,WhatsApp,job_scam,Lowongan Kerja Palsu,Rekrutmen J&T via WhatsApp pribadi. Isi data KTP dan rekening di https://cutt.ly/b0z3nx.,mencurigakan,sedang,1,1,0,0,0,1,0,0,0,0,0,1,48,biaya training/seragam|gaji tidak wajar|rekrutmen WA pribadi|meminta data sensitif,Jangan bayar biaya rekrutmen; cek lowongan dari situs/akun resmi perusahaan.,"Kasus ini termasuk Lowongan Kerja Palsu. Perhatikan indikator: biaya training/seragam, gaji tidak wajar, rekrutmen WA pribadi. Jangan bayar biaya rekrutmen; cek lowongan dari situs/akun resmi perusahaan.",Modus lowongan kerja palsu dengan biaya administrasi/training
CYB113,Marketplace Chat,password_security,Keamanan Password,Gunakan password yang sama untuk semua akun agar mudah diingat.,aman,sulit,0,0,0,0,1,0,0,0,0,0,0,0,15,password lemah|password sama di banyak akun|data pribadi sebagai password|tidak pakai 2FA,"Gunakan password unik dan kuat, aktifkan 2FA, jangan simpan di tempat publik.","Kasus ini termasuk Keamanan Password. Perhatikan indikator: password lemah, password sama di banyak akun, data pribadi sebagai password. Gunakan password unik dan kuat, aktifkan 2FA, jangan simpan di tempat publik.",Praktik keamanan akun: password kuat dan MFA
CYB114,Email,password_security,Keamanan Password,Password aman cukup memakai tanggal lahir dan nama panggilan.,aman,sulit,0,0,0,0,1,0,0,0,0,0,0,0,15,password lemah|password sama di banyak akun|data pribadi sebagai password|tidak pakai 2FA,"Gunakan password unik dan kuat, aktifkan 2FA, jangan simpan di tempat publik.","Kasus ini termasuk Keamanan Password. Perhatikan indikator: password lemah, password sama di banyak akun, data pribadi sebagai password. Gunakan password unik dan kuat, aktifkan 2FA, jangan simpan di tempat publik.",Praktik keamanan akun: password kuat dan MFA
CYB115,Browser/Website,password_security,Keamanan Password,Password aman cukup memakai tanggal lahir dan nama panggilan.,aman,sulit,0,0,0,0,1,0,0,0,0,0,0,0,15,password lemah|password sama di banyak akun|data pribadi sebagai password|tidak pakai 2FA,"Gunakan password unik dan kuat, aktifkan 2FA, jangan simpan di tempat publik.","Kasus ini termasuk Keamanan Password. Perhatikan indikator: password lemah, password sama di banyak akun, data pribadi sebagai password. Gunakan password unik dan kuat, aktifkan 2FA, jangan simpan di tempat publik.",Praktik keamanan akun: password kuat dan MFA
CYB116,Email,password_security,Keamanan Password,Simpan password di chat grup supaya tidak lupa.,aman,sulit,0,0,0,0,1,0,0,0,0,0,0,0,15,password lemah|password sama di banyak akun|data pribadi sebagai password|tidak pakai 2FA,"Gunakan password unik dan kuat, aktifkan 2FA, jangan simpan di tempat publik.","Kasus ini termasuk Keamanan Password. Perhatikan indikator: password lemah, password sama di banyak akun, data pribadi sebagai password. Gunakan password unik dan kuat, aktifkan 2FA, jangan simpan di tempat publik.",Praktik keamanan akun: password kuat dan MFA
CYB117,Browser/Website,password_security,Keamanan Password,Simpan password di chat grup supaya tidak lupa.,aman,sulit,0,0,0,0,1,0,0,0,0,0,0,0,15,password lemah|password sama di banyak akun|data pribadi sebagai password|tidak pakai 2FA,"Gunakan password unik dan kuat, aktifkan 2FA, jangan simpan di tempat publik.","Kasus ini termasuk Keamanan Password. Perhatikan indikator: password lemah, password sama di banyak akun, data pribadi sebagai password. Gunakan password unik dan kuat, aktifkan 2FA, jangan simpan di tempat publik.",Praktik keamanan akun: password kuat dan MFA
CYB118,WhatsApp,password_security,Keamanan Password,Gunakan password yang sama untuk semua akun agar mudah diingat.,aman,sulit,0,0,0,0,1,0,0,0,0,0,0,0,15,password lemah|password sama di banyak akun|data pribadi sebagai password|tidak pakai 2FA,"Gunakan password unik dan kuat, aktifkan 2FA, jangan simpan di tempat publik.","Kasus ini termasuk Keamanan Password. Perhatikan indikator: password lemah, password sama di banyak akun, data pribadi sebagai password. Gunakan password unik dan kuat, aktifkan 2FA, jangan simpan di tempat publik.",Praktik keamanan akun: password kuat dan MFA
CYB119,WhatsApp,password_security,Keamanan Password,Simpan password di chat grup supaya tidak lupa.,aman,sulit,0,0,0,0,1,0,0,0,0,0,0,0,15,password lemah|password sama di banyak akun|data pribadi sebagai password|tidak pakai 2FA,"Gunakan password unik dan kuat, aktifkan 2FA, jangan simpan di tempat publik.","Kasus ini termasuk Keamanan Password. Perhatikan indikator: password lemah, password sama di banyak akun, data pribadi sebagai password. Gunakan password unik dan kuat, aktifkan 2FA, jangan simpan di tempat publik.",Praktik keamanan akun: password kuat dan MFA
CYB120,Marketplace Chat,password_security,Keamanan Password,Gunakan password yang sama untuk semua akun agar mudah diingat.,aman,sulit,0,0,0,0,1,0,0,0,0,0,0,0,15,password lemah|password sama di banyak akun|data pribadi sebagai password|tidak pakai 2FA,"Gunakan password unik dan kuat, aktifkan 2FA, jangan simpan di tempat publik.","Kasus ini termasuk Keamanan Password. Perhatikan indikator: password lemah, password sama di banyak akun, data pribadi sebagai password. Gunakan password unik dan kuat, aktifkan 2FA, jangan simpan di tempat publik.",Praktik keamanan akun: password kuat dan MFA
CYB121,Email,password_security,Keamanan Password,Simpan password di chat grup supaya tidak lupa.,aman,sulit,0,0,0,0,1,0,0,0,0,0,0,0,15,password lemah|password sama di banyak akun|data pribadi sebagai password|tidak pakai 2FA,"Gunakan password unik dan kuat, aktifkan 2FA, jangan simpan di tempat publik.","Kasus ini termasuk Keamanan Password. Perhatikan indikator: password lemah, password sama di banyak akun, data pribadi sebagai password. Gunakan password unik dan kuat, aktifkan 2FA, jangan simpan di tempat publik.",Praktik keamanan akun: password kuat dan MFA
CYB122,SMS,password_security,Keamanan Password,Password aman cukup memakai tanggal lahir dan nama panggilan.,aman,sulit,0,0,0,0,1,0,0,0,0,0,0,0,15,password lemah|password sama di banyak akun|data pribadi sebagai password|tidak pakai 2FA,"Gunakan password unik dan kuat, aktifkan 2FA, jangan simpan di tempat publik.","Kasus ini termasuk Keamanan Password. Perhatikan indikator: password lemah, password sama di banyak akun, data pribadi sebagai password. Gunakan password unik dan kuat, aktifkan 2FA, jangan simpan di tempat publik.",Praktik keamanan akun: password kuat dan MFA
CYB123,Browser/Website,password_security,Keamanan Password,Simpan password di chat grup supaya tidak lupa.,aman,sulit,0,0,0,0,1,0,0,0,0,0,0,0,15,password lemah|password sama di banyak akun|data pribadi sebagai password|tidak pakai 2FA,"Gunakan password unik dan kuat, aktifkan 2FA, jangan simpan di tempat publik.","Kasus ini termasuk Keamanan Password. Perhatikan indikator: password lemah, password sama di banyak akun, data pribadi sebagai password. Gunakan password unik dan kuat, aktifkan 2FA, jangan simpan di tempat publik.",Praktik keamanan akun: password kuat dan MFA
CYB124,WhatsApp,password_security,Keamanan Password,Password aman cukup memakai tanggal lahir dan nama panggilan.,aman,sulit,0,0,0,0,1,0,0,0,0,0,0,0,15,password lemah|password sama di banyak akun|data pribadi sebagai password|tidak pakai 2FA,"Gunakan password unik dan kuat, aktifkan 2FA, jangan simpan di tempat publik.","Kasus ini termasuk Keamanan Password. Perhatikan indikator: password lemah, password sama di banyak akun, data pribadi sebagai password. Gunakan password unik dan kuat, aktifkan 2FA, jangan simpan di tempat publik.",Praktik keamanan akun: password kuat dan MFA
CYB125,Email,password_security,Keamanan Password,Simpan password di chat grup supaya tidak lupa.,aman,sulit,0,0,0,0,1,0,0,0,0,0,0,0,15,password lemah|password sama di banyak akun|data pribadi sebagai password|tidak pakai 2FA,"Gunakan password unik dan kuat, aktifkan 2FA, jangan simpan di tempat publik.","Kasus ini termasuk Keamanan Password. Perhatikan indikator: password lemah, password sama di banyak akun, data pribadi sebagai password. Gunakan password unik dan kuat, aktifkan 2FA, jangan simpan di tempat publik.",Praktik keamanan akun: password kuat dan MFA
CYB126,SMS,password_security,Keamanan Password,Simpan password di chat grup supaya tidak lupa.,aman,sulit,0,0,0,0,1,0,0,0,0,0,0,0,15,password lemah|password sama di banyak akun|data pribadi sebagai password|tidak pakai 2FA,"Gunakan password unik dan kuat, aktifkan 2FA, jangan simpan di tempat publik.","Kasus ini termasuk Keamanan Password. Perhatikan indikator: password lemah, password sama di banyak akun, data pribadi sebagai password. Gunakan password unik dan kuat, aktifkan 2FA, jangan simpan di tempat publik.",Praktik keamanan akun: password kuat dan MFA
CYB127,SMS,password_security,Keamanan Password,Password aman cukup memakai tanggal lahir dan nama panggilan.,aman,sulit,0,0,0,0,1,0,0,0,0,0,0,0,15,password lemah|password sama di banyak akun|data pribadi sebagai password|tidak pakai 2FA,"Gunakan password unik dan kuat, aktifkan 2FA, jangan simpan di tempat publik.","Kasus ini termasuk Keamanan Password. Perhatikan indikator: password lemah, password sama di banyak akun, data pribadi sebagai password. Gunakan password unik dan kuat, aktifkan 2FA, jangan simpan di tempat publik.",Praktik keamanan akun: password kuat dan MFA
CYB128,Media Sosial,password_security,Keamanan Password,Password aman cukup memakai tanggal lahir dan nama panggilan.,aman,sulit,0,0,0,0,1,0,0,0,0,0,0,0,15,password lemah|password sama di banyak akun|data pribadi sebagai password|tidak pakai 2FA,"Gunakan password unik dan kuat, aktifkan 2FA, jangan simpan di tempat publik.","Kasus ini termasuk Keamanan Password. Perhatikan indikator: password lemah, password sama di banyak akun, data pribadi sebagai password. Gunakan password unik dan kuat, aktifkan 2FA, jangan simpan di tempat publik.",Praktik keamanan akun: password kuat dan MFA
CYB129,Marketplace Chat,qris_scam,QRIS/Transfer Palsu,Pembayaran berhasil jika Anda scan QR ini dan kirim bukti transfer ke admin personal.,mencurigakan,sedang,0,0,0,0,0,0,0,0,0,1,0,1,33,QR pribadi|rekening pribadi|ubah QR sepihak|bukti transfer ke admin personal,Verifikasi QRIS/rekening melalui merchant resmi sebelum membayar.,"Kasus ini termasuk QRIS/Transfer Palsu. Perhatikan indikator: QR pribadi, rekening pribadi, ubah QR sepihak. Verifikasi QRIS/rekening melalui merchant resmi sebelum membayar.",Modus rekayasa QRIS/transfer ke rekening pribadi
CYB130,Marketplace Chat,qris_scam,QRIS/Transfer Palsu,"QRIS kasir sedang error, transfer ke rekening pribadi saja.",mencurigakan,sedang,0,0,0,0,0,1,0,0,0,1,0,1,45,QR pribadi|rekening pribadi|ubah QR sepihak|bukti transfer ke admin personal,Verifikasi QRIS/rekening melalui merchant resmi sebelum membayar.,"Kasus ini termasuk QRIS/Transfer Palsu. Perhatikan indikator: QR pribadi, rekening pribadi, ubah QR sepihak. Verifikasi QRIS/rekening melalui merchant resmi sebelum membayar.",Modus rekayasa QRIS/transfer ke rekening pribadi
CYB131,SMS,qris_scam,QRIS/Transfer Palsu,Pembayaran berhasil jika Anda scan QR ini dan kirim bukti transfer ke admin personal.,mencurigakan,sedang,0,0,0,0,0,0,0,0,0,1,0,1,33,QR pribadi|rekening pribadi|ubah QR sepihak|bukti transfer ke admin personal,Verifikasi QRIS/rekening melalui merchant resmi sebelum membayar.,"Kasus ini termasuk QRIS/Transfer Palsu. Perhatikan indikator: QR pribadi, rekening pribadi, ubah QR sepihak. Verifikasi QRIS/rekening melalui merchant resmi sebelum membayar.",Modus rekayasa QRIS/transfer ke rekening pribadi
CYB132,WhatsApp,qris_scam,QRIS/Transfer Palsu,"QRIS kasir sedang error, transfer ke rekening pribadi saja.",mencurigakan,sedang,0,0,0,0,0,1,0,0,0,1,0,1,45,QR pribadi|rekening pribadi|ubah QR sepihak|bukti transfer ke admin personal,Verifikasi QRIS/rekening melalui merchant resmi sebelum membayar.,"Kasus ini termasuk QRIS/Transfer Palsu. Perhatikan indikator: QR pribadi, rekening pribadi, ubah QR sepihak. Verifikasi QRIS/rekening melalui merchant resmi sebelum membayar.",Modus rekayasa QRIS/transfer ke rekening pribadi
CYB133,Marketplace Chat,qris_scam,QRIS/Transfer Palsu,"QRIS kasir sedang error, transfer ke rekening pribadi saja.",mencurigakan,sedang,0,0,0,0,0,1,0,0,0,1,0,1,45,QR pribadi|rekening pribadi|ubah QR sepihak|bukti transfer ke admin personal,Verifikasi QRIS/rekening melalui merchant resmi sebelum membayar.,"Kasus ini termasuk QRIS/Transfer Palsu. Perhatikan indikator: QR pribadi, rekening pribadi, ubah QR sepihak. Verifikasi QRIS/rekening melalui merchant resmi sebelum membayar.",Modus rekayasa QRIS/transfer ke rekening pribadi
CYB134,Browser/Website,qris_scam,QRIS/Transfer Palsu,"QRIS kasir sedang error, transfer ke rekening pribadi saja.",mencurigakan,sedang,0,0,0,0,0,1,0,0,0,1,0,1,45,QR pribadi|rekening pribadi|ubah QR sepihak|bukti transfer ke admin personal,Verifikasi QRIS/rekening melalui merchant resmi sebelum membayar.,"Kasus ini termasuk QRIS/Transfer Palsu. Perhatikan indikator: QR pribadi, rekening pribadi, ubah QR sepihak. Verifikasi QRIS/rekening melalui merchant resmi sebelum membayar.",Modus rekayasa QRIS/transfer ke rekening pribadi
CYB135,Browser/Website,qris_scam,QRIS/Transfer Palsu,Pembayaran berhasil jika Anda scan QR ini dan kirim bukti transfer ke admin personal.,mencurigakan,sedang,0,0,0,0,0,0,0,0,0,1,0,1,33,QR pribadi|rekening pribadi|ubah QR sepihak|bukti transfer ke admin personal,Verifikasi QRIS/rekening melalui merchant resmi sebelum membayar.,"Kasus ini termasuk QRIS/Transfer Palsu. Perhatikan indikator: QR pribadi, rekening pribadi, ubah QR sepihak. Verifikasi QRIS/rekening melalui merchant resmi sebelum membayar.",Modus rekayasa QRIS/transfer ke rekening pribadi
CYB136,SMS,qris_scam,QRIS/Transfer Palsu,Pembayaran berhasil jika Anda scan QR ini dan kirim bukti transfer ke admin personal.,mencurigakan,sedang,0,0,0,0,0,0,0,0,0,1,0,1,33,QR pribadi|rekening pribadi|ubah QR sepihak|bukti transfer ke admin personal,Verifikasi QRIS/rekening melalui merchant resmi sebelum membayar.,"Kasus ini termasuk QRIS/Transfer Palsu. Perhatikan indikator: QR pribadi, rekening pribadi, ubah QR sepihak. Verifikasi QRIS/rekening melalui merchant resmi sebelum membayar.",Modus rekayasa QRIS/transfer ke rekening pribadi
CYB137,Email,qris_scam,QRIS/Transfer Palsu,"QRIS kasir sedang error, transfer ke rekening pribadi saja.",mencurigakan,sedang,0,0,0,0,0,1,0,0,0,1,0,1,45,QR pribadi|rekening pribadi|ubah QR sepihak|bukti transfer ke admin personal,Verifikasi QRIS/rekening melalui merchant resmi sebelum membayar.,"Kasus ini termasuk QRIS/Transfer Palsu. Perhatikan indikator: QR pribadi, rekening pribadi, ubah QR sepihak. Verifikasi QRIS/rekening melalui merchant resmi sebelum membayar.",Modus rekayasa QRIS/transfer ke rekening pribadi
CYB138,SMS,qris_scam,QRIS/Transfer Palsu,QRIS donasi resmi berubah. Scan QR baru dari nomor pribadi ini.,aman,sulit,0,0,0,0,0,0,0,0,0,0,0,1,18,QR pribadi|rekening pribadi|ubah QR sepihak|bukti transfer ke admin personal,Verifikasi QRIS/rekening melalui merchant resmi sebelum membayar.,"Kasus ini termasuk QRIS/Transfer Palsu. Perhatikan indikator: QR pribadi, rekening pribadi, ubah QR sepihak. Verifikasi QRIS/rekening melalui merchant resmi sebelum membayar.",Modus rekayasa QRIS/transfer ke rekening pribadi
CYB139,Email,qris_scam,QRIS/Transfer Palsu,QRIS donasi resmi berubah. Scan QR baru dari nomor pribadi ini.,aman,sulit,0,0,0,0,0,0,0,0,0,0,0,1,18,QR pribadi|rekening pribadi|ubah QR sepihak|bukti transfer ke admin personal,Verifikasi QRIS/rekening melalui merchant resmi sebelum membayar.,"Kasus ini termasuk QRIS/Transfer Palsu. Perhatikan indikator: QR pribadi, rekening pribadi, ubah QR sepihak. Verifikasi QRIS/rekening melalui merchant resmi sebelum membayar.",Modus rekayasa QRIS/transfer ke rekening pribadi
CYB140,SMS,qris_scam,QRIS/Transfer Palsu,"QRIS kasir sedang error, transfer ke rekening pribadi saja.",mencurigakan,sedang,0,0,0,0,0,1,0,0,0,1,0,1,45,QR pribadi|rekening pribadi|ubah QR sepihak|bukti transfer ke admin personal,Verifikasi QRIS/rekening melalui merchant resmi sebelum membayar.,"Kasus ini termasuk QRIS/Transfer Palsu. Perhatikan indikator: QR pribadi, rekening pribadi, ubah QR sepihak. Verifikasi QRIS/rekening melalui merchant resmi sebelum membayar.",Modus rekayasa QRIS/transfer ke rekening pribadi
CYB141,Marketplace Chat,qris_scam,QRIS/Transfer Palsu,QRIS donasi resmi berubah. Scan QR baru dari nomor pribadi ini.,aman,sulit,0,0,0,0,0,0,0,0,0,0,0,1,18,QR pribadi|rekening pribadi|ubah QR sepihak|bukti transfer ke admin personal,Verifikasi QRIS/rekening melalui merchant resmi sebelum membayar.,"Kasus ini termasuk QRIS/Transfer Palsu. Perhatikan indikator: QR pribadi, rekening pribadi, ubah QR sepihak. Verifikasi QRIS/rekening melalui merchant resmi sebelum membayar.",Modus rekayasa QRIS/transfer ke rekening pribadi
CYB142,Media Sosial,qris_scam,QRIS/Transfer Palsu,Pembayaran berhasil jika Anda scan QR ini dan kirim bukti transfer ke admin personal.,mencurigakan,sedang,0,0,0,0,0,0,0,0,0,1,0,1,33,QR pribadi|rekening pribadi|ubah QR sepihak|bukti transfer ke admin personal,Verifikasi QRIS/rekening melalui merchant resmi sebelum membayar.,"Kasus ini termasuk QRIS/Transfer Palsu. Perhatikan indikator: QR pribadi, rekening pribadi, ubah QR sepihak. Verifikasi QRIS/rekening melalui merchant resmi sebelum membayar.",Modus rekayasa QRIS/transfer ke rekening pribadi
CYB143,Browser/Website,qris_scam,QRIS/Transfer Palsu,Pembayaran berhasil jika Anda scan QR ini dan kirim bukti transfer ke admin personal.,mencurigakan,sedang,0,0,0,0,0,0,0,0,0,1,0,1,33,QR pribadi|rekening pribadi|ubah QR sepihak|bukti transfer ke admin personal,Verifikasi QRIS/rekening melalui merchant resmi sebelum membayar.,"Kasus ini termasuk QRIS/Transfer Palsu. Perhatikan indikator: QR pribadi, rekening pribadi, ubah QR sepihak. Verifikasi QRIS/rekening melalui merchant resmi sebelum membayar.",Modus rekayasa QRIS/transfer ke rekening pribadi
CYB144,Media Sosial,qris_scam,QRIS/Transfer Palsu,Pembayaran berhasil jika Anda scan QR ini dan kirim bukti transfer ke admin personal.,mencurigakan,sedang,0,0,0,0,0,0,0,0,0,1,0,1,33,QR pribadi|rekening pribadi|ubah QR sepihak|bukti transfer ke admin personal,Verifikasi QRIS/rekening melalui merchant resmi sebelum membayar.,"Kasus ini termasuk QRIS/Transfer Palsu. Perhatikan indikator: QR pribadi, rekening pribadi, ubah QR sepihak. Verifikasi QRIS/rekening melalui merchant resmi sebelum membayar.",Modus rekayasa QRIS/transfer ke rekening pribadi
CYB145,Email,legitimate,Pesan Aman,"Notifikasi transaksi BNI: jika tidak merasa melakukan transaksi, hubungi call center resmi di aplikasi.",aman,mudah,0,0,0,0,0,0,0,0,0,0,0,0,12,tidak meminta data rahasia|mengarah ke kanal resmi|edukasi keamanan|tidak ada tekanan waktu,Ikuti imbauan keamanan dan gunakan kanal resmi untuk pengecekan.,"Kasus ini termasuk Pesan Aman. Perhatikan indikator: tidak meminta data rahasia, mengarah ke kanal resmi, edukasi keamanan. Ikuti imbauan keamanan dan gunakan kanal resmi untuk pengecekan.",Pesan edukasi keamanan digital resmi/aman
CYB146,Media Sosial,legitimate,Pesan Aman,Pengingat: aktifkan two-factor authentication dan gunakan password berbeda untuk tiap akun.,aman,mudah,0,0,0,0,1,0,0,0,1,0,0,0,12,tidak meminta data rahasia|mengarah ke kanal resmi|edukasi keamanan|tidak ada tekanan waktu,Ikuti imbauan keamanan dan gunakan kanal resmi untuk pengecekan.,"Kasus ini termasuk Pesan Aman. Perhatikan indikator: tidak meminta data rahasia, mengarah ke kanal resmi, edukasi keamanan. Ikuti imbauan keamanan dan gunakan kanal resmi untuk pengecekan.",Pesan edukasi keamanan digital resmi/aman
CYB147,SMS,legitimate,Pesan Aman,Pengingat: aktifkan two-factor authentication dan gunakan password berbeda untuk tiap akun.,aman,mudah,0,0,0,0,1,0,0,0,1,0,0,0,0,tidak meminta data rahasia|mengarah ke kanal resmi|edukasi keamanan|tidak ada tekanan waktu,Ikuti imbauan keamanan dan gunakan kanal resmi untuk pengecekan.,"Kasus ini termasuk Pesan Aman. Perhatikan indikator: tidak meminta data rahasia, mengarah ke kanal resmi, edukasi keamanan. Ikuti imbauan keamanan dan gunakan kanal resmi untuk pengecekan.",Pesan edukasi keamanan digital resmi/aman
CYB148,Marketplace Chat,legitimate,Pesan Aman,Pengingat: aktifkan two-factor authentication dan gunakan password berbeda untuk tiap akun.,aman,mudah,0,0,0,0,1,0,0,0,1,0,0,0,5,tidak meminta data rahasia|mengarah ke kanal resmi|edukasi keamanan|tidak ada tekanan waktu,Ikuti imbauan keamanan dan gunakan kanal resmi untuk pengecekan.,"Kasus ini termasuk Pesan Aman. Perhatikan indikator: tidak meminta data rahasia, mengarah ke kanal resmi, edukasi keamanan. Ikuti imbauan keamanan dan gunakan kanal resmi untuk pengecekan.",Pesan edukasi keamanan digital resmi/aman
CYB149,Marketplace Chat,legitimate,Pesan Aman,Pengingat: aktifkan two-factor authentication dan gunakan password berbeda untuk tiap akun.,aman,mudah,0,0,0,0,1,0,0,0,1,0,0,0,10,tidak meminta data rahasia|mengarah ke kanal resmi|edukasi keamanan|tidak ada tekanan waktu,Ikuti imbauan keamanan dan gunakan kanal resmi untuk pengecekan.,"Kasus ini termasuk Pesan Aman. Perhatikan indikator: tidak meminta data rahasia, mengarah ke kanal resmi, edukasi keamanan. Ikuti imbauan keamanan dan gunakan kanal resmi untuk pengecekan.",Pesan edukasi keamanan digital resmi/aman
CYB150,Marketplace Chat,legitimate,Pesan Aman,Paket Anda sedang dikirim. Cek status hanya melalui aplikasi resmi atau nomor resi di situs resmi.,aman,mudah,0,0,0,0,0,0,0,0,0,0,0,0,8,tidak meminta data rahasia|mengarah ke kanal resmi|edukasi keamanan|tidak ada tekanan waktu,Ikuti imbauan keamanan dan gunakan kanal resmi untuk pengecekan.,"Kasus ini termasuk Pesan Aman. Perhatikan indikator: tidak meminta data rahasia, mengarah ke kanal resmi, edukasi keamanan. Ikuti imbauan keamanan dan gunakan kanal resmi untuk pengecekan.",Pesan edukasi keamanan digital resmi/aman
CYB151,WhatsApp,legitimate,Pesan Aman,Paket Anda sedang dikirim. Cek status hanya melalui aplikasi resmi atau nomor resi di situs resmi.,aman,mudah,0,0,0,0,0,0,0,0,0,0,0,0,10,tidak meminta data rahasia|mengarah ke kanal resmi|edukasi keamanan|tidak ada tekanan waktu,Ikuti imbauan keamanan dan gunakan kanal resmi untuk pengecekan.,"Kasus ini termasuk Pesan Aman. Perhatikan indikator: tidak meminta data rahasia, mengarah ke kanal resmi, edukasi keamanan. Ikuti imbauan keamanan dan gunakan kanal resmi untuk pengecekan.",Pesan edukasi keamanan digital resmi/aman
CYB152,SMS,legitimate,Pesan Aman,"Info resmi BRI: jangan pernah bagikan OTP, PIN, password, dan CVV kepada siapa pun.",aman,mudah,0,0,0,1,1,0,0,0,0,0,0,0,10,tidak meminta data rahasia|mengarah ke kanal resmi|edukasi keamanan|tidak ada tekanan waktu,Ikuti imbauan keamanan dan gunakan kanal resmi untuk pengecekan.,"Kasus ini termasuk Pesan Aman. Perhatikan indikator: tidak meminta data rahasia, mengarah ke kanal resmi, edukasi keamanan. Ikuti imbauan keamanan dan gunakan kanal resmi untuk pengecekan.",Pesan edukasi keamanan digital resmi/aman
CYB153,Media Sosial,legitimate,Pesan Aman,"Notifikasi transaksi BRI: jika tidak merasa melakukan transaksi, hubungi call center resmi di aplikasi.",aman,sulit,0,0,0,0,0,0,0,0,0,0,0,0,0,tidak meminta data rahasia|mengarah ke kanal resmi|edukasi keamanan|tidak ada tekanan waktu,Ikuti imbauan keamanan dan gunakan kanal resmi untuk pengecekan.,"Kasus ini termasuk Pesan Aman. Perhatikan indikator: tidak meminta data rahasia, mengarah ke kanal resmi, edukasi keamanan. Ikuti imbauan keamanan dan gunakan kanal resmi untuk pengecekan.",Pesan edukasi keamanan digital resmi/aman
CYB154,Marketplace Chat,legitimate,Pesan Aman,"Info resmi J&T: jangan pernah bagikan OTP, PIN, password, dan CVV kepada siapa pun.",aman,sulit,0,0,0,1,1,0,0,0,0,0,0,0,8,tidak meminta data rahasia|mengarah ke kanal resmi|edukasi keamanan|tidak ada tekanan waktu,Ikuti imbauan keamanan dan gunakan kanal resmi untuk pengecekan.,"Kasus ini termasuk Pesan Aman. Perhatikan indikator: tidak meminta data rahasia, mengarah ke kanal resmi, edukasi keamanan. Ikuti imbauan keamanan dan gunakan kanal resmi untuk pengecekan.",Pesan edukasi keamanan digital resmi/aman
CYB155,Email,legitimate,Pesan Aman,"Info resmi Kominfo: jangan pernah bagikan OTP, PIN, password, dan CVV kepada siapa pun.",aman,sulit,0,0,0,1,1,0,0,0,0,0,0,0,12,tidak meminta data rahasia|mengarah ke kanal resmi|edukasi keamanan|tidak ada tekanan waktu,Ikuti imbauan keamanan dan gunakan kanal resmi untuk pengecekan.,"Kasus ini termasuk Pesan Aman. Perhatikan indikator: tidak meminta data rahasia, mengarah ke kanal resmi, edukasi keamanan. Ikuti imbauan keamanan dan gunakan kanal resmi untuk pengecekan.",Pesan edukasi keamanan digital resmi/aman
CYB156,Media Sosial,legitimate,Pesan Aman,"Info resmi DANA: jangan pernah bagikan OTP, PIN, password, dan CVV kepada siapa pun.",aman,sulit,0,0,0,1,1,0,0,0,0,0,0,0,12,tidak meminta data rahasia|mengarah ke kanal resmi|edukasi keamanan|tidak ada tekanan waktu,Ikuti imbauan keamanan dan gunakan kanal resmi untuk pengecekan.,"Kasus ini termasuk Pesan Aman. Perhatikan indikator: tidak meminta data rahasia, mengarah ke kanal resmi, edukasi keamanan. Ikuti imbauan keamanan dan gunakan kanal resmi untuk pengecekan.",Pesan edukasi keamanan digital resmi/aman
CYB157,WhatsApp,legitimate,Pesan Aman,Pengingat: aktifkan two-factor authentication dan gunakan password berbeda untuk tiap akun.,aman,sulit,0,0,0,0,1,0,0,0,1,0,0,0,0,tidak meminta data rahasia|mengarah ke kanal resmi|edukasi keamanan|tidak ada tekanan waktu,Ikuti imbauan keamanan dan gunakan kanal resmi untuk pengecekan.,"Kasus ini termasuk Pesan Aman. Perhatikan indikator: tidak meminta data rahasia, mengarah ke kanal resmi, edukasi keamanan. Ikuti imbauan keamanan dan gunakan kanal resmi untuk pengecekan.",Pesan edukasi keamanan digital resmi/aman
CYB158,Email,legitimate,Pesan Aman,"Info resmi OVO: jangan pernah bagikan OTP, PIN, password, dan CVV kepada siapa pun.",aman,sulit,0,0,0,1,1,0,0,0,0,0,0,0,12,tidak meminta data rahasia|mengarah ke kanal resmi|edukasi keamanan|tidak ada tekanan waktu,Ikuti imbauan keamanan dan gunakan kanal resmi untuk pengecekan.,"Kasus ini termasuk Pesan Aman. Perhatikan indikator: tidak meminta data rahasia, mengarah ke kanal resmi, edukasi keamanan. Ikuti imbauan keamanan dan gunakan kanal resmi untuk pengecekan.",Pesan edukasi keamanan digital resmi/aman
CYB159,Media Sosial,legitimate,Pesan Aman,"Info resmi Mandiri: jangan pernah bagikan OTP, PIN, password, dan CVV kepada siapa pun.",aman,sulit,0,0,0,1,1,0,0,0,0,0,0,0,8,tidak meminta data rahasia|mengarah ke kanal resmi|edukasi keamanan|tidak ada tekanan waktu,Ikuti imbauan keamanan dan gunakan kanal resmi untuk pengecekan.,"Kasus ini termasuk Pesan Aman. Perhatikan indikator: tidak meminta data rahasia, mengarah ke kanal resmi, edukasi keamanan. Ikuti imbauan keamanan dan gunakan kanal resmi untuk pengecekan.",Pesan edukasi keamanan digital resmi/aman
CYB160,Browser/Website,legitimate,Pesan Aman,Paket Anda sedang dikirim. Cek status hanya melalui aplikasi resmi atau nomor resi di situs resmi.,aman,sulit,0,0,0,0,0,0,0,0,0,0,0,0,8,tidak meminta data rahasia|mengarah ke kanal resmi|edukasi keamanan|tidak ada tekanan waktu,Ikuti imbauan keamanan dan gunakan kanal resmi untuk pengecekan.,"Kasus ini termasuk Pesan Aman. Perhatikan indikator: tidak meminta data rahasia, mengarah ke kanal resmi, edukasi keamanan. Ikuti imbauan keamanan dan gunakan kanal resmi untuk pengecekan.",Pesan edukasi keamanan digital resmi/aman
CYB161,SMS,legitimate,Pesan Aman,Paket Anda sedang dikirim. Cek status hanya melalui aplikasi resmi atau nomor resi di situs resmi.,aman,sulit,0,0,0,0,0,0,0,0,0,0,0,0,5,tidak meminta data rahasia|mengarah ke kanal resmi|edukasi keamanan|tidak ada tekanan waktu,Ikuti imbauan keamanan dan gunakan kanal resmi untuk pengecekan.,"Kasus ini termasuk Pesan Aman. Perhatikan indikator: tidak meminta data rahasia, mengarah ke kanal resmi, edukasi keamanan. Ikuti imbauan keamanan dan gunakan kanal resmi untuk pengecekan.",Pesan edukasi keamanan digital resmi/aman
CYB162,SMS,legitimate,Pesan Aman,Pengingat: aktifkan two-factor authentication dan gunakan password berbeda untuk tiap akun.,aman,sulit,0,0,0,0,1,0,0,0,1,0,0,0,5,tidak meminta data rahasia|mengarah ke kanal resmi|edukasi keamanan|tidak ada tekanan waktu,Ikuti imbauan keamanan dan gunakan kanal resmi untuk pengecekan.,"Kasus ini termasuk Pesan Aman. Perhatikan indikator: tidak meminta data rahasia, mengarah ke kanal resmi, edukasi keamanan. Ikuti imbauan keamanan dan gunakan kanal resmi untuk pengecekan.",Pesan edukasi keamanan digital resmi/aman
